order_id,customer_id,product_id,order_date,quantity,line_revenue,channel,source_system
ORD-000001,CUST-0001,SKU-0031,2025-09-28,15,97.5,ecommerce,SAP
ORD-000005,CUST-0001,SKU-0031,2025-12-14,10,65.0,rep,SAP
ORD-000009,CUST-0001,SKU-0008,2026-01-10,19,39.9,ecommerce,SAP
ORD-000010,CUST-0001,SKU-0053,2026-01-10,5,21.0,rep,SAP
ORD-000022,CUST-0001,SKU-0029,2026-05-15,16,36.8,ecommerce,SAP
ORD-000026,CUST-0001,SKU-0010,2026-01-03,20,116.0,ecommerce,SAP
ORD-000035,CUST-0002,SKU-0049,2025-12-20,3,23.4,rep,SAP
ORD-000036,CUST-0002,SKU-0025,2025-12-20,11,38.5,ecommerce,SAP
ORD-000041,CUST-0002,SKU-0011,2025-09-04,6,19.2,ecommerce,SAP
ORD-000047,CUST-0002,SKU-0052,2026-07-10,16,80.0,rep,SAP
ORD-000049,CUST-0002,SKU-0049,2026-07-10,5,39.0,ecommerce,SAP
ORD-000052,CUST-0002,SKU-0050,2026-05-10,6,21.0,ecommerce,SAP
ORD-000054,CUST-0002,SKU-0053,2026-05-10,13,54.6,rep,SAP
ORD-000062,CUST-0002,SKU-0039,2026-02-21,15,48.0,rep,SAP
ORD-000066,CUST-0003,SKU-0051,2026-05-23,20,84.0,ecommerce,SAP
ORD-000070,CUST-0003,SKU-0052,2025-10-10,2,10.0,rep,SAP
ORD-000079,CUST-0004,SKU-0038,2026-05-21,12,66.0,rep,SAP
ORD-000083,CUST-0004,SKU-0055,2026-05-21,18,34.2,rep,SAP
ORD-000094,CUST-0004,SKU-0051,2026-03-15,18,75.6,rep,SAP
ORD-000108,CUST-0004,SKU-0004,2026-03-31,15,48.0,ecommerce,SAP
ORD-000115,CUST-0004,SKU-0050,2026-05-20,5,17.5,ecommerce,SAP
ORD-000119,CUST-0004,SKU-0007,2025-09-15,17,37.4,rep,SAP
ORD-000130,CUST-0005,SKU-0029,2025-10-28,8,18.4,ecommerce,SAP
ORD-000131,CUST-0005,SKU-0009,2026-08-07,2,19.0,ecommerce,SAP
ORD-000141,CUST-0005,SKU-0049,2026-05-03,16,124.8,ecommerce,SAP
ORD-000150,CUST-0005,SKU-0042,2026-03-22,14,100.8,ecommerce,SAP
ORD-000151,CUST-0005,SKU-0005,2026-03-22,13,44.2,ecommerce,SAP
ORD-000160,CUST-0005,SKU-0030,2026-07-28,6,13.8,rep,SAP
ORD-000162,CUST-0006,SKU-0031,2025-12-06,18,117.0,ecommerce,SAP
ORD-000167,CUST-0006,SKU-0029,2025-10-12,17,39.1,rep,SAP
ORD-000174,CUST-0006,SKU-0029,2026-04-01,11,25.3,rep,SAP
ORD-000177,CUST-0006,SKU-0010,2025-12-08,6,34.8,rep,SAP
ORD-000187,CUST-0006,SKU-0042,2026-02-10,15,108.0,ecommerce,SAP
ORD-000189,CUST-0007,SKU-0049,2026-01-21,19,148.2,ecommerce,SAP
ORD-000190,CUST-0007,SKU-0038,2026-01-21,19,104.5,ecommerce,SAP
ORD-000195,CUST-0007,SKU-0038,2026-06-25,17,93.5,rep,SAP
ORD-000201,CUST-0007,SKU-0031,2025-12-25,12,78.0,rep,SAP
ORD-000209,CUST-0007,SKU-0003,2026-07-07,6,23.4,ecommerce,SAP
ORD-000219,CUST-0008,SKU-0049,2025-12-05,17,132.6,rep,SAP
ORD-000220,CUST-0008,SKU-0045,2025-12-05,4,26.0,ecommerce,SAP
ORD-000221,CUST-0008,SKU-0039,2026-02-11,5,16.0,ecommerce,SAP
ORD-000222,CUST-0008,SKU-0050,2026-02-11,18,63.0,rep,SAP
ORD-000224,CUST-0008,SKU-0009,2026-02-11,19,180.5,ecommerce,SAP
ORD-000226,CUST-0008,SKU-0058,2026-04-30,19,98.8,ecommerce,SAP
ORD-000232,CUST-0008,SKU-0053,2025-10-15,12,50.4,ecommerce,SAP
ORD-000243,CUST-0008,SKU-0059,2025-10-22,2,4.0,ecommerce,SAP
ORD-000248,CUST-0008,SKU-0001,2025-09-16,7,31.5,rep,SAP
ORD-000250,CUST-0009,SKU-0030,2026-04-09,9,20.7,ecommerce,SAP
ORD-000256,CUST-0009,SKU-0058,2025-12-16,18,93.6,ecommerce,SAP
ORD-000258,CUST-0009,SKU-0004,2025-12-16,1,3.2,ecommerce,SAP
ORD-000267,CUST-0009,SKU-0051,2026-03-17,2,8.4,ecommerce,SAP
ORD-000273,CUST-0010,SKU-0022,2026-08-06,20,160.0,rep,SAP
ORD-000288,CUST-0010,SKU-0013,2025-12-11,16,46.4,ecommerce,SAP
ORD-000290,CUST-0010,SKU-0050,2026-01-17,13,45.5,ecommerce,SAP
ORD-000294,CUST-0010,SKU-0042,2026-03-11,13,93.6,ecommerce,SAP
ORD-000295,CUST-0010,SKU-0027,2026-03-11,18,75.6,ecommerce,SAP
ORD-000296,CUST-0010,SKU-0052,2026-03-11,18,90.0,ecommerce,SAP
ORD-000309,CUST-0011,SKU-0039,2025-08-09,4,12.8,ecommerce,SAP
ORD-000310,CUST-0011,SKU-0042,2026-05-04,4,28.8,ecommerce,SAP
ORD-000315,CUST-0011,SKU-0050,2026-02-21,15,52.5,ecommerce,SAP
ORD-000317,CUST-0011,SKU-0049,2026-05-21,16,124.8,ecommerce,SAP
ORD-000335,CUST-0012,SKU-0052,2026-03-27,16,80.0,rep,SAP
ORD-000337,CUST-0012,SKU-0028,2026-03-28,7,36.4,rep,SAP
ORD-000352,CUST-0012,SKU-0029,2026-06-29,11,25.3,ecommerce,SAP
ORD-000353,CUST-0012,SKU-0042,2026-06-29,6,43.2,rep,SAP
ORD-000357,CUST-0012,SKU-0009,2026-06-18,17,161.5,rep,SAP
ORD-000358,CUST-0012,SKU-0031,2026-06-18,19,123.5,ecommerce,SAP
ORD-000369,CUST-0013,SKU-0006,2025-10-07,8,17.6,rep,SAP
ORD-000376,CUST-0013,SKU-0038,2026-01-11,16,88.0,rep,SAP
ORD-000383,CUST-0013,SKU-0030,2026-02-06,4,9.2,ecommerce,SAP
ORD-000388,CUST-0014,SKU-0052,2026-02-25,19,95.0,ecommerce,SAP
ORD-000394,CUST-0014,SKU-0053,2026-02-25,17,71.4,ecommerce,SAP
ORD-000400,CUST-0014,SKU-0006,2026-01-30,8,17.6,ecommerce,SAP
ORD-000404,CUST-0014,SKU-0029,2026-01-23,6,13.8,rep,SAP
ORD-000412,CUST-0014,SKU-0052,2026-05-21,11,55.0,rep,SAP
ORD-000416,CUST-0014,SKU-0049,2026-01-31,14,109.2,rep,SAP
ORD-000420,CUST-0014,SKU-0010,2026-04-16,3,17.4,ecommerce,SAP
ORD-000426,CUST-0015,SKU-0008,2026-01-03,13,27.3,ecommerce,SAP
ORD-000432,CUST-0015,SKU-0051,2025-12-01,19,79.8,rep,SAP
ORD-000433,CUST-0015,SKU-0005,2025-12-01,15,51.0,ecommerce,SAP
ORD-000443,CUST-0016,SKU-0030,2026-04-12,12,27.6,ecommerce,SAP
ORD-000447,CUST-0016,SKU-0048,2026-01-18,16,99.2,rep,SAP
ORD-000452,CUST-0016,SKU-0031,2026-02-07,20,130.0,ecommerce,SAP
ORD-000457,CUST-0016,SKU-0007,2026-04-06,9,19.8,ecommerce,SAP
ORD-000459,CUST-0016,SKU-0042,2026-08-06,4,28.8,ecommerce,SAP
ORD-000466,CUST-0016,SKU-0042,2025-08-20,10,72.0,rep,SAP
ORD-000473,CUST-0016,SKU-0022,2025-10-23,14,112.0,rep,SAP
ORD-000494,CUST-0017,SKU-0042,2025-10-02,8,57.6,ecommerce,SAP
ORD-000495,CUST-0017,SKU-0020,2025-10-02,6,84.0,rep,SAP
ORD-000510,CUST-0017,SKU-0056,2026-04-04,19,218.5,ecommerce,SAP
ORD-000513,CUST-0017,SKU-0046,2026-05-19,2,23.0,rep,SAP
ORD-000515,CUST-0017,SKU-0022,2026-05-19,1,8.0,ecommerce,SAP
ORD-000519,CUST-0018,SKU-0011,2025-10-30,19,60.8,ecommerce,SAP
ORD-000522,CUST-0018,SKU-0012,2025-08-31,19,91.2,ecommerce,SAP
ORD-000524,CUST-0018,SKU-0054,2025-08-31,8,30.4,ecommerce,SAP
ORD-000526,CUST-0018,SKU-0036,2026-04-26,11,36.3,rep,SAP
ORD-000529,CUST-0018,SKU-0036,2026-01-19,16,52.8,ecommerce,SAP
ORD-000538,CUST-0018,SKU-0016,2026-07-18,10,120.0,ecommerce,SAP
ORD-000550,CUST-0019,SKU-0014,2025-12-08,11,60.5,ecommerce,SAP
ORD-000552,CUST-0019,SKU-0028,2026-06-25,4,20.8,ecommerce,SAP
ORD-000553,CUST-0019,SKU-0048,2026-06-25,14,86.8,ecommerce,SAP
ORD-000557,CUST-0019,SKU-0020,2025-12-17,19,266.0,ecommerce,SAP
ORD-000564,CUST-0019,SKU-0014,2025-10-26,14,77.0,rep,SAP
ORD-000566,CUST-0019,SKU-0055,2025-10-18,2,3.8,rep,SAP
ORD-000579,CUST-0020,SKU-0011,2026-05-30,8,25.6,rep,SAP
ORD-000586,CUST-0020,SKU-0034,2026-02-21,9,19.8,ecommerce,SAP
ORD-000598,CUST-0020,SKU-0020,2026-06-13,1,14.0,ecommerce,SAP
ORD-000599,CUST-0020,SKU-0039,2026-04-22,4,12.8,ecommerce,SAP
ORD-000603,CUST-0020,SKU-0031,2026-03-14,13,84.5,ecommerce,SAP
ORD-000624,CUST-0021,SKU-0046,2026-06-01,4,46.0,rep,SAP
ORD-000633,CUST-0021,SKU-0018,2025-12-20,20,120.0,ecommerce,SAP
ORD-000655,CUST-0022,SKU-0012,2025-12-13,4,19.2,ecommerce,SAP
ORD-000658,CUST-0022,SKU-0002,2026-07-08,2,9.6,ecommerce,SAP
ORD-000668,CUST-0022,SKU-0040,2026-05-21,9,44.1,ecommerce,SAP
ORD-000675,CUST-0023,SKU-0008,2025-12-13,8,16.8,ecommerce,SAP
ORD-000679,CUST-0023,SKU-0014,2025-10-08,12,66.0,rep,SAP
ORD-000684,CUST-0023,SKU-0021,2026-07-26,16,115.2,ecommerce,SAP
ORD-000690,CUST-0023,SKU-0040,2026-03-19,13,63.7,rep,SAP
ORD-000704,CUST-0024,SKU-0040,2025-11-13,15,73.5,rep,SAP
ORD-000706,CUST-0024,SKU-0016,2026-01-19,13,156.0,rep,SAP
ORD-000709,CUST-0024,SKU-0022,2026-01-19,11,88.0,ecommerce,SAP
ORD-000714,CUST-0024,SKU-0018,2026-07-01,3,18.0,rep,SAP
ORD-000727,CUST-0024,SKU-0016,2025-09-19,20,240.0,rep,SAP
ORD-000730,CUST-0025,SKU-0045,2026-05-09,1,6.5,ecommerce,SAP
ORD-000733,CUST-0025,SKU-0024,2025-09-03,4,14.0,ecommerce,SAP
ORD-000739,CUST-0025,SKU-0057,2026-03-29,1,7.5,rep,SAP
ORD-000744,CUST-0025,SKU-0034,2026-07-20,5,11.0,ecommerce,SAP
ORD-000746,CUST-0025,SKU-0008,2026-05-19,6,12.6,ecommerce,SAP
ORD-000753,CUST-0025,SKU-0048,2025-10-14,8,49.6,rep,SAP
ORD-000754,CUST-0025,SKU-0005,2025-10-14,6,20.4,rep,SAP
ORD-000755,CUST-0025,SKU-0032,2025-10-14,11,39.6,rep,SAP
ORD-000763,CUST-0025,SKU-0008,2025-08-27,6,12.6,rep,SAP
ORD-000769,CUST-0025,SKU-0034,2026-03-27,19,41.8,rep,SAP
ORD-000781,CUST-0026,SKU-0015,2026-05-27,4,26.0,ecommerce,SAP
ORD-000782,CUST-0026,SKU-0055,2026-05-27,20,38.0,rep,SAP
ORD-000801,CUST-0026,SKU-0010,2026-05-02,4,23.2,rep,SAP
ORD-000812,CUST-0026,SKU-0014,2026-03-23,18,99.0,ecommerce,SAP
ORD-000813,CUST-0026,SKU-0037,2026-03-23,5,15.5,ecommerce,SAP
ORD-000818,CUST-0026,SKU-0013,2026-01-20,17,49.3,ecommerce,SAP
ORD-000823,CUST-0027,SKU-0012,2026-01-29,15,72.0,ecommerce,SAP
ORD-000827,CUST-0027,SKU-0017,2026-01-16,14,252.0,rep,SAP
ORD-000829,CUST-0027,SKU-0055,2026-01-16,10,19.0,ecommerce,SAP
ORD-000837,CUST-0027,SKU-0016,2025-08-10,17,204.0,ecommerce,SAP
ORD-000857,CUST-0028,SKU-0029,2025-11-22,13,29.9,ecommerce,SAP
ORD-000868,CUST-0028,SKU-0013,2026-03-13,15,43.5,ecommerce,SAP
ORD-000874,CUST-0029,SKU-0056,2025-09-11,4,46.0,ecommerce,SAP
ORD-000875,CUST-0029,SKU-0017,2025-09-11,13,234.0,ecommerce,SAP
ORD-000888,CUST-0029,SKU-0022,2026-06-15,14,112.0,ecommerce,SAP
ORD-000889,CUST-0029,SKU-0040,2026-07-20,18,88.2,ecommerce,SAP
ORD-000892,CUST-0029,SKU-0015,2026-07-20,5,32.5,ecommerce,SAP
ORD-000900,CUST-0029,SKU-0020,2026-01-08,5,70.0,ecommerce,SAP
ORD-000911,CUST-0030,SKU-0016,2026-03-09,19,228.0,rep,SAP
ORD-000912,CUST-0030,SKU-0032,2025-09-20,7,25.2,ecommerce,SAP
ORD-000925,CUST-0031,SKU-0014,2025-09-10,8,44.0,ecommerce,SAP
ORD-000936,CUST-0031,SKU-0021,2026-01-25,12,86.4,ecommerce,SAP
ORD-000937,CUST-0031,SKU-0019,2026-06-19,6,51.0,rep,SAP
ORD-000940,CUST-0031,SKU-0013,2026-01-16,12,34.8,ecommerce,SAP
ORD-000942,CUST-0031,SKU-0060,2026-01-16,11,49.5,ecommerce,SAP
ORD-000947,CUST-0031,SKU-0014,2026-06-19,1,5.5,ecommerce,SAP
ORD-000949,CUST-0031,SKU-0024,2026-04-25,13,45.5,ecommerce,SAP
ORD-000957,CUST-0032,SKU-0019,2025-12-24,5,42.5,ecommerce,SAP
ORD-000958,CUST-0032,SKU-0031,2025-12-24,4,26.0,ecommerce,SAP
ORD-000970,CUST-0032,SKU-0046,2026-07-26,18,207.0,rep,SAP
ORD-000978,CUST-0032,SKU-0020,2025-09-09,20,280.0,ecommerce,SAP
ORD-000988,CUST-0032,SKU-0015,2026-01-21,18,117.0,ecommerce,SAP
ORD-000989,CUST-0032,SKU-0055,2026-01-21,12,22.8,ecommerce,SAP
ORD-000991,CUST-0033,SKU-0047,2025-10-19,6,76.8,ecommerce,SAP
ORD-001008,CUST-0033,SKU-0047,2025-08-20,10,128.0,ecommerce,SAP
ORD-001019,CUST-0034,SKU-0043,2025-11-17,16,54.4,ecommerce,SAP
ORD-001022,CUST-0034,SKU-0033,2025-10-21,14,63.0,ecommerce,SAP
ORD-001029,CUST-0034,SKU-0058,2025-12-27,12,62.4,ecommerce,SAP
ORD-001035,CUST-0034,SKU-0035,2026-07-31,8,18.4,rep,SAP
ORD-001036,CUST-0034,SKU-0028,2025-10-20,1,5.2,ecommerce,SAP
ORD-001038,CUST-0034,SKU-0025,2025-10-20,18,63.0,rep,SAP
ORD-001039,CUST-0034,SKU-0026,2026-02-21,9,55.8,ecommerce,SAP
ORD-001040,CUST-0035,SKU-0011,2026-01-06,15,48.0,ecommerce,SAP
ORD-001042,CUST-0035,SKU-0060,2026-04-15,11,49.5,rep,SAP
ORD-001050,CUST-0035,SKU-0054,2026-01-14,19,72.2,ecommerce,SAP
ORD-001051,CUST-0035,SKU-0041,2026-05-19,7,31.5,ecommerce,SAP
ORD-001052,CUST-0035,SKU-0044,2026-05-19,9,80.1,ecommerce,SAP
ORD-001053,CUST-0035,SKU-0001,2026-05-19,17,76.5,ecommerce,SAP
ORD-001059,CUST-0035,SKU-0025,2025-10-12,1,3.5,ecommerce,SAP
ORD-001061,CUST-0035,SKU-0027,2026-07-27,16,67.2,rep,SAP
ORD-001062,CUST-0035,SKU-0052,2026-07-27,20,100.0,rep,SAP
ORD-001066,CUST-0035,SKU-0032,2026-04-03,14,50.4,ecommerce,SAP
ORD-001073,CUST-0036,SKU-0002,2026-04-24,16,76.8,ecommerce,SAP
ORD-001074,CUST-0036,SKU-0041,2026-04-24,12,54.0,ecommerce,SAP
ORD-001083,CUST-0036,SKU-0025,2026-02-21,2,7.0,ecommerce,SAP
ORD-001085,CUST-0036,SKU-0025,2026-02-21,16,56.0,ecommerce,SAP
ORD-001086,CUST-0037,SKU-0044,2026-01-07,2,17.8,ecommerce,SAP
ORD-001104,CUST-0037,SKU-0035,2026-06-16,4,9.2,ecommerce,SAP
ORD-001108,CUST-0037,SKU-0051,2026-06-11,16,67.2,rep,SAP
ORD-001113,CUST-0037,SKU-0043,2026-03-15,8,27.2,ecommerce,SAP
ORD-001114,CUST-0037,SKU-0036,2026-02-04,9,29.7,rep,SAP
ORD-001116,CUST-0037,SKU-0051,2026-04-27,20,84.0,ecommerce,SAP
ORD-001120,CUST-0037,SKU-0050,2025-11-18,1,3.5,ecommerce,SAP
ORD-001123,CUST-0037,SKU-0027,2025-11-18,14,58.8,rep,SAP
ORD-001125,CUST-0038,SKU-0001,2026-07-22,11,49.5,ecommerce,SAP
ORD-001130,CUST-0038,SKU-0032,2026-07-21,13,46.8,rep,SAP
ORD-001133,CUST-0038,SKU-0059,2025-08-21,10,20.0,rep,SAP
ORD-001136,CUST-0038,SKU-0059,2025-08-21,19,38.0,ecommerce,SAP
ORD-001147,CUST-0038,SKU-0010,2026-04-12,19,110.2,ecommerce,SAP
ORD-001149,CUST-0038,SKU-0044,2026-01-10,10,89.0,ecommerce,SAP
ORD-001157,CUST-0038,SKU-0016,2026-06-19,19,228.0,ecommerce,SAP
ORD-001158,CUST-0038,SKU-0044,2026-06-19,2,17.8,ecommerce,SAP
ORD-001165,CUST-0039,SKU-0024,2026-01-19,14,49.0,ecommerce,SAP
ORD-001167,CUST-0039,SKU-0025,2025-08-16,17,59.5,ecommerce,SAP
ORD-001174,CUST-0039,SKU-0057,2025-10-17,11,82.5,ecommerce,SAP
ORD-001177,CUST-0039,SKU-0047,2025-10-17,6,76.8,ecommerce,SAP
ORD-001183,CUST-0039,SKU-0027,2025-11-13,8,33.6,rep,SAP
ORD-001184,CUST-0039,SKU-0044,2025-11-13,7,62.3,ecommerce,SAP
ORD-001188,CUST-0039,SKU-0024,2026-07-27,14,49.0,ecommerce,SAP
ORD-001207,CUST-0040,SKU-0044,2025-11-14,11,97.9,ecommerce,SAP
ORD-001208,CUST-0040,SKU-0001,2025-11-14,8,36.0,ecommerce,SAP
ORD-001213,CUST-0040,SKU-0002,2025-11-29,16,76.8,rep,SAP
ORD-001214,CUST-0040,SKU-0027,2025-11-29,13,54.6,ecommerce,SAP
ORD-001219,CUST-0041,SKU-0003,2026-07-08,15,58.5,ecommerce,SAP
ORD-001220,CUST-0041,SKU-0052,2026-07-11,20,100.0,rep,SAP
ORD-001222,CUST-0041,SKU-0001,2026-02-14,20,90.0,ecommerce,SAP
ORD-001224,CUST-0041,SKU-0055,2026-02-14,17,32.3,rep,SAP
ORD-001228,CUST-0041,SKU-0042,2026-07-03,2,14.4,ecommerce,SAP
ORD-001229,CUST-0041,SKU-0041,2026-07-03,7,31.5,ecommerce,SAP
ORD-001255,CUST-0042,SKU-0044,2026-03-09,8,71.2,ecommerce,SAP
ORD-001256,CUST-0042,SKU-0047,2026-04-15,3,38.4,ecommerce,SAP
ORD-001257,CUST-0042,SKU-0033,2026-04-15,20,90.0,rep,SAP
ORD-001258,CUST-0042,SKU-0043,2026-04-15,14,47.6,ecommerce,SAP
ORD-001259,CUST-0042,SKU-0041,2026-04-15,2,9.0,ecommerce,SAP
ORD-001266,CUST-0042,SKU-0026,2025-10-04,16,99.2,rep,SAP
ORD-001277,CUST-0042,SKU-0044,2026-05-11,12,106.8,ecommerce,SAP
ORD-001278,CUST-0042,SKU-0025,2026-05-11,18,63.0,rep,SAP
ORD-001280,CUST-0042,SKU-0003,2026-05-25,6,23.4,ecommerce,SAP
ORD-001293,CUST-0043,SKU-0003,2025-11-19,10,39.0,ecommerce,SAP
ORD-001301,CUST-0043,SKU-0005,2026-04-20,14,47.6,rep,SAP
ORD-001315,CUST-0044,SKU-0043,2026-03-08,4,13.6,ecommerce,SAP
ORD-001319,CUST-0044,SKU-0001,2026-03-04,2,9.0,ecommerce,SAP
ORD-001328,CUST-0044,SKU-0024,2026-05-05,12,42.0,rep,SAP
ORD-001330,CUST-0044,SKU-0060,2026-01-20,16,72.0,rep,SAP
ORD-001333,CUST-0044,SKU-0030,2026-07-17,6,13.8,rep,SAP
ORD-001334,CUST-0044,SKU-0002,2026-07-17,7,33.6,ecommerce,SAP
ORD-001335,CUST-0044,SKU-0041,2026-07-17,1,4.5,ecommerce,SAP
ORD-001343,CUST-0044,SKU-0032,2026-01-14,12,43.2,rep,SAP
ORD-001344,CUST-0044,SKU-0001,2026-01-14,13,58.5,ecommerce,SAP
ORD-001355,CUST-0045,SKU-0013,2026-03-29,1,2.9,ecommerce,SAP
ORD-001356,CUST-0045,SKU-0026,2025-09-28,2,12.4,ecommerce,SAP
ORD-001359,CUST-0045,SKU-0042,2025-10-22,13,93.6,rep,SAP
ORD-001364,CUST-0045,SKU-0056,2026-04-14,18,207.0,ecommerce,SAP
ORD-001380,CUST-0046,SKU-0018,2026-05-14,1,6.0,ecommerce,SAP
ORD-001387,CUST-0046,SKU-0035,2025-12-29,17,39.1,ecommerce,SAP
ORD-001388,CUST-0046,SKU-0003,2026-04-30,14,54.6,rep,SAP
ORD-001392,CUST-0046,SKU-0041,2026-03-12,1,4.5,ecommerce,SAP
ORD-001397,CUST-0046,SKU-0059,2025-10-14,18,36.0,rep,SAP
ORD-001407,CUST-0046,SKU-0024,2026-04-04,6,21.0,ecommerce,SAP
ORD-001409,CUST-0047,SKU-0048,2026-02-27,13,80.6,ecommerce,SAP
ORD-001424,CUST-0047,SKU-0009,2025-08-13,11,104.5,ecommerce,SAP
ORD-001431,CUST-0047,SKU-0002,2026-05-20,20,96.0,ecommerce,SAP
ORD-001440,CUST-0047,SKU-0032,2025-10-21,3,10.8,rep,SAP
ORD-001464,CUST-0048,SKU-0018,2026-01-25,16,96.0,ecommerce,SAP
ORD-001465,CUST-0048,SKU-0046,2026-01-25,3,34.5,rep,SAP
ORD-001473,CUST-0048,SKU-0002,2026-05-09,12,57.6,ecommerce,SAP
ORD-001474,CUST-0048,SKU-0004,2026-05-09,12,38.4,ecommerce,SAP
ORD-001475,CUST-0048,SKU-0009,2026-05-09,10,95.0,ecommerce,SAP
ORD-001479,CUST-0048,SKU-0002,2026-05-16,3,14.4,ecommerce,SAP
ORD-001484,CUST-0048,SKU-0018,2026-03-11,3,18.0,ecommerce,SAP
ORD-001486,CUST-0048,SKU-0036,2026-03-11,20,66.0,rep,SAP
ORD-001500,CUST-0049,SKU-0011,2026-07-06,13,41.6,ecommerce,SAP
ORD-001506,CUST-0049,SKU-0037,2026-03-21,16,49.6,ecommerce,SAP
ORD-001507,CUST-0049,SKU-0021,2026-03-21,15,108.0,ecommerce,SAP
ORD-001508,CUST-0049,SKU-0056,2026-01-14,9,103.5,rep,SAP
ORD-001519,CUST-0050,SKU-0013,2026-03-09,2,5.8,ecommerce,SAP
ORD-001523,CUST-0050,SKU-0017,2026-03-09,11,198.0,ecommerce,SAP
ORD-001528,CUST-0050,SKU-0024,2026-07-20,12,42.0,ecommerce,SAP
ORD-001533,CUST-0050,SKU-0060,2026-03-18,4,18.0,rep,SAP
ORD-001537,CUST-0050,SKU-0008,2025-10-04,12,25.2,rep,SAP
ORD-001543,CUST-0050,SKU-0011,2026-01-25,19,60.8,ecommerce,SAP
ORD-001545,CUST-0050,SKU-0054,2026-02-22,19,72.2,rep,SAP
ORD-001550,CUST-0051,SKU-0040,2025-12-18,8,39.2,rep,SAP
ORD-001553,CUST-0051,SKU-0013,2026-02-16,3,8.7,ecommerce,SAP
ORD-001561,CUST-0051,SKU-0017,2026-06-17,9,162.0,ecommerce,SAP
ORD-001563,CUST-0051,SKU-0017,2026-04-26,6,108.0,ecommerce,SAP
ORD-001568,CUST-0051,SKU-0037,2025-11-17,10,31.0,ecommerce,SAP
ORD-001582,CUST-0051,SKU-0032,2025-09-11,4,14.4,rep,SAP
ORD-001583,CUST-0051,SKU-0015,2025-09-11,1,6.5,ecommerce,SAP
ORD-001588,CUST-0051,SKU-0057,2025-10-07,19,142.5,rep,SAP
ORD-001595,CUST-0052,SKU-0046,2026-01-28,15,172.5,ecommerce,SAP
ORD-001609,CUST-0052,SKU-0020,2026-06-20,6,84.0,ecommerce,SAP
ORD-001616,CUST-0053,SKU-0058,2026-05-13,17,88.4,rep,SAP
ORD-001620,CUST-0053,SKU-0056,2026-05-29,17,195.5,ecommerce,SAP
ORD-001621,CUST-0053,SKU-0048,2026-05-29,19,117.8,ecommerce,SAP
ORD-001622,CUST-0053,SKU-0040,2026-05-29,17,83.3,rep,SAP
ORD-001623,CUST-0053,SKU-0037,2025-10-08,12,37.2,ecommerce,SAP
ORD-001630,CUST-0053,SKU-0017,2025-09-03,8,144.0,ecommerce,SAP
ORD-001638,CUST-0053,SKU-0034,2026-01-14,5,11.0,ecommerce,SAP
ORD-001640,CUST-0053,SKU-0015,2026-03-31,2,13.0,ecommerce,SAP
ORD-001643,CUST-0053,SKU-0040,2026-03-31,5,24.5,ecommerce,SAP
ORD-001649,CUST-0053,SKU-0054,2026-03-19,1,3.8,ecommerce,SAP
ORD-001658,CUST-0053,SKU-0023,2026-07-03,13,175.5,ecommerce,SAP
ORD-001659,CUST-0053,SKU-0039,2026-04-11,6,19.2,ecommerce,SAP
ORD-001663,CUST-0054,SKU-0050,2026-04-07,8,28.0,ecommerce,SAP
ORD-001671,CUST-0054,SKU-0042,2026-06-29,17,122.4,ecommerce,SAP
ORD-001677,CUST-0054,SKU-0040,2025-10-26,4,19.6,ecommerce,SAP
ORD-001679,CUST-0054,SKU-0004,2025-11-17,5,16.0,ecommerce,SAP
ORD-001680,CUST-0054,SKU-0019,2025-11-17,8,68.0,ecommerce,SAP
ORD-001681,CUST-0054,SKU-0019,2025-11-17,12,102.0,rep,SAP
ORD-001685,CUST-0054,SKU-0052,2026-06-09,7,35.0,ecommerce,SAP
ORD-001687,CUST-0054,SKU-0013,2026-02-16,4,11.6,ecommerce,SAP
ORD-001690,CUST-0054,SKU-0035,2025-09-05,19,43.7,ecommerce,SAP
ORD-001697,CUST-0054,SKU-0022,2026-03-05,4,32.0,ecommerce,SAP
ORD-001712,CUST-0055,SKU-0018,2025-08-11,20,120.0,ecommerce,SAP
ORD-001716,CUST-0055,SKU-0017,2025-12-01,9,162.0,ecommerce,SAP
ORD-001724,CUST-0055,SKU-0003,2025-11-25,5,19.5,ecommerce,SAP
ORD-001727,CUST-0055,SKU-0055,2025-11-25,11,20.9,ecommerce,SAP
ORD-001728,CUST-0055,SKU-0014,2026-01-04,15,82.5,ecommerce,SAP
ORD-001731,CUST-0055,SKU-0009,2025-09-15,18,171.0,ecommerce,SAP
ORD-001733,CUST-0056,SKU-0021,2025-10-06,19,136.8,ecommerce,SAP
ORD-001735,CUST-0056,SKU-0012,2025-11-16,5,24.0,rep,SAP
ORD-001736,CUST-0056,SKU-0009,2025-08-19,17,161.5,rep,SAP
ORD-001738,CUST-0056,SKU-0012,2026-08-06,2,9.6,ecommerce,SAP
ORD-001743,CUST-0056,SKU-0060,2026-02-17,19,85.5,ecommerce,SAP
ORD-001750,CUST-0056,SKU-0037,2025-08-27,15,46.5,ecommerce,SAP
ORD-001752,CUST-0056,SKU-0017,2025-08-27,4,72.0,rep,SAP
ORD-001773,CUST-0057,SKU-0022,2026-06-17,12,96.0,ecommerce,SAP
ORD-001775,CUST-0057,SKU-0014,2026-06-17,18,99.0,rep,SAP
ORD-001779,CUST-0057,SKU-0037,2025-12-23,1,3.1,ecommerce,SAP
ORD-001780,CUST-0057,SKU-0037,2026-06-12,7,21.7,rep,SAP
ORD-001783,CUST-0057,SKU-0036,2026-03-29,9,29.7,ecommerce,SAP
ORD-001786,CUST-0058,SKU-0046,2026-04-08,5,57.5,rep,SAP
ORD-001803,CUST-0058,SKU-0019,2025-08-09,7,59.5,ecommerce,SAP
ORD-001804,CUST-0058,SKU-0024,2026-03-13,20,70.0,rep,SAP
ORD-001813,CUST-0058,SKU-0011,2025-09-16,9,28.8,rep,SAP
ORD-001816,CUST-0058,SKU-0014,2025-09-16,20,110.0,ecommerce,SAP
ORD-001821,CUST-0059,SKU-0053,2025-12-25,1,4.2,rep,SAP
ORD-001829,CUST-0059,SKU-0037,2025-12-26,6,18.6,ecommerce,SAP
ORD-001850,CUST-0059,SKU-0057,2026-02-27,20,150.0,rep,SAP
ORD-001867,CUST-0060,SKU-0008,2026-03-12,20,42.0,rep,SAP
ORD-001878,CUST-0060,SKU-0052,2026-05-02,4,20.0,ecommerce,SAP
ORD-001885,CUST-0060,SKU-0045,2026-02-27,15,97.5,ecommerce,SAP
ORD-001895,CUST-0061,SKU-0015,2025-10-13,13,84.5,ecommerce,SAP
ORD-001896,CUST-0061,SKU-0057,2025-10-13,6,45.0,rep,SAP
ORD-001905,CUST-0061,SKU-0017,2025-09-26,1,18.0,rep,SAP
ORD-001911,CUST-0061,SKU-0019,2025-10-02,14,119.0,rep,SAP
ORD-001912,CUST-0061,SKU-0005,2025-10-02,14,47.6,rep,SAP
ORD-001913,CUST-0061,SKU-0060,2025-10-02,1,4.5,ecommerce,SAP
ORD-001914,CUST-0061,SKU-0011,2025-10-02,12,38.4,ecommerce,SAP
ORD-001945,CUST-0062,SKU-0012,2026-03-03,16,76.8,ecommerce,SAP
ORD-001949,CUST-0062,SKU-0055,2025-11-08,4,7.6,ecommerce,SAP
ORD-001955,CUST-0062,SKU-0011,2026-02-24,14,44.8,ecommerce,SAP
ORD-001961,CUST-0062,SKU-0046,2025-11-25,16,184.0,ecommerce,SAP
ORD-001969,CUST-0062,SKU-0017,2026-03-23,9,162.0,ecommerce,SAP
ORD-001970,CUST-0062,SKU-0048,2025-10-17,16,99.2,rep,SAP
ORD-001971,CUST-0062,SKU-0037,2025-09-06,2,6.2,rep,SAP
ORD-001982,CUST-0063,SKU-0019,2025-11-07,5,42.5,ecommerce,SAP
ORD-001993,CUST-0063,SKU-0002,2026-07-02,9,43.2,rep,SAP
ORD-001996,CUST-0063,SKU-0019,2026-07-02,12,102.0,ecommerce,SAP
ORD-001997,CUST-0063,SKU-0021,2026-03-09,6,43.2,ecommerce,SAP
ORD-001999,CUST-0063,SKU-0057,2026-02-14,1,7.5,ecommerce,SAP
ORD-002003,CUST-0064,SKU-0029,2025-09-23,5,11.5,rep,SAP
ORD-002005,CUST-0064,SKU-0020,2025-09-23,16,224.0,ecommerce,SAP
ORD-002010,CUST-0064,SKU-0001,2025-11-09,5,22.5,ecommerce,SAP
ORD-002018,CUST-0064,SKU-0020,2026-01-31,17,238.0,ecommerce,SAP
ORD-002021,CUST-0064,SKU-0034,2026-05-22,18,39.6,ecommerce,SAP
ORD-002023,CUST-0064,SKU-0015,2026-05-22,5,32.5,ecommerce,SAP
ORD-002024,CUST-0064,SKU-0017,2026-05-22,2,36.0,rep,SAP
ORD-002036,CUST-0065,SKU-0016,2026-06-11,16,192.0,rep,SAP
ORD-002039,CUST-0065,SKU-0015,2026-06-11,1,6.5,ecommerce,SAP
ORD-002043,CUST-0065,SKU-0024,2026-08-04,19,66.5,ecommerce,SAP
ORD-002047,CUST-0065,SKU-0015,2026-03-30,10,65.0,rep,SAP
ORD-002050,CUST-0065,SKU-0011,2026-07-30,7,22.4,ecommerce,SAP
ORD-002051,CUST-0065,SKU-0032,2026-07-30,6,21.6,rep,SAP
ORD-002053,CUST-0065,SKU-0026,2026-06-30,13,80.6,ecommerce,SAP
ORD-002057,CUST-0066,SKU-0020,2026-02-26,3,42.0,rep,SAP
ORD-002059,CUST-0066,SKU-0007,2026-02-26,10,22.0,ecommerce,SAP
ORD-002066,CUST-0066,SKU-0034,2026-05-18,18,39.6,ecommerce,SAP
ORD-002067,CUST-0066,SKU-0060,2026-05-18,19,85.5,ecommerce,SAP
ORD-002075,CUST-0066,SKU-0017,2026-05-25,8,144.0,ecommerce,SAP
ORD-002079,CUST-0066,SKU-0054,2025-09-08,6,22.8,ecommerce,SAP
ORD-002093,CUST-0067,SKU-0034,2025-10-05,5,11.0,ecommerce,SAP
ORD-002094,CUST-0067,SKU-0024,2025-10-05,12,42.0,ecommerce,SAP
ORD-002107,CUST-0068,SKU-0043,2026-01-02,11,37.4,rep,SAP
ORD-002109,CUST-0068,SKU-0018,2025-12-01,19,114.0,rep,SAP
ORD-002117,CUST-0068,SKU-0012,2025-12-02,3,14.4,rep,SAP
ORD-002125,CUST-0068,SKU-0034,2026-01-03,12,26.4,ecommerce,SAP
ORD-002126,CUST-0068,SKU-0041,2026-01-03,1,4.5,ecommerce,SAP
ORD-002128,CUST-0069,SKU-0054,2026-04-07,20,76.0,ecommerce,SAP
ORD-002129,CUST-0069,SKU-0044,2026-04-07,9,80.1,ecommerce,SAP
ORD-002144,CUST-0069,SKU-0003,2026-03-05,3,11.7,ecommerce,SAP
ORD-002145,CUST-0069,SKU-0020,2025-11-18,3,42.0,ecommerce,SAP
ORD-002147,CUST-0069,SKU-0021,2025-09-27,14,100.8,ecommerce,SAP
ORD-002150,CUST-0069,SKU-0019,2025-09-27,19,161.5,ecommerce,SAP
ORD-002151,CUST-0069,SKU-0038,2025-09-27,19,104.5,ecommerce,SAP
ORD-002154,CUST-0069,SKU-0017,2026-04-15,3,54.0,ecommerce,SAP
ORD-002157,CUST-0069,SKU-0032,2025-12-07,2,7.2,ecommerce,SAP
ORD-002158,CUST-0069,SKU-0003,2025-12-07,18,70.2,ecommerce,SAP
ORD-002160,CUST-0069,SKU-0054,2026-04-04,13,49.4,ecommerce,SAP
ORD-002163,CUST-0069,SKU-0025,2026-04-04,11,38.5,rep,SAP
ORD-002181,CUST-0070,SKU-0047,2026-04-19,12,153.6,ecommerce,SAP
ORD-002185,CUST-0070,SKU-0058,2026-02-20,6,31.2,ecommerce,SAP
ORD-002194,CUST-0070,SKU-0054,2026-02-14,8,30.4,rep,SAP
ORD-002197,CUST-0070,SKU-0022,2026-06-27,16,128.0,ecommerce,SAP
ORD-002206,CUST-0070,SKU-0025,2025-12-12,12,42.0,ecommerce,SAP
ORD-002213,CUST-0071,SKU-0046,2025-10-29,5,57.5,ecommerce,SAP
ORD-002214,CUST-0071,SKU-0022,2025-10-17,3,24.0,rep,SAP
ORD-002216,CUST-0071,SKU-0026,2026-05-02,18,111.6,rep,SAP
ORD-002243,CUST-0071,SKU-0037,2025-12-05,2,6.2,ecommerce,SAP
ORD-002245,CUST-0072,SKU-0016,2026-08-05,15,180.0,rep,SAP
ORD-002252,CUST-0072,SKU-0019,2026-01-31,11,93.5,ecommerce,SAP
ORD-002256,CUST-0072,SKU-0040,2026-01-25,13,63.7,ecommerce,SAP
ORD-002257,CUST-0072,SKU-0054,2026-01-25,14,53.2,ecommerce,SAP
ORD-002258,CUST-0072,SKU-0026,2026-01-25,7,43.4,rep,SAP
ORD-002259,CUST-0072,SKU-0052,2026-01-25,4,20.0,ecommerce,SAP
ORD-002273,CUST-0072,SKU-0028,2025-10-11,19,98.8,ecommerce,SAP
ORD-002278,CUST-0073,SKU-0027,2026-07-07,15,63.0,rep,SAP
ORD-002281,CUST-0073,SKU-0025,2026-04-06,3,10.5,ecommerce,SAP
ORD-002286,CUST-0073,SKU-0040,2025-10-21,17,83.3,ecommerce,SAP
ORD-002289,CUST-0073,SKU-0020,2026-04-09,16,224.0,ecommerce,SAP
ORD-002296,CUST-0073,SKU-0017,2025-09-19,18,324.0,ecommerce,SAP
ORD-002298,CUST-0073,SKU-0003,2026-04-04,9,35.1,rep,SAP
ORD-002311,CUST-0074,SKU-0060,2025-12-22,14,63.0,ecommerce,SAP
ORD-002314,CUST-0074,SKU-0057,2025-12-30,8,60.0,ecommerce,SAP
ORD-002324,CUST-0074,SKU-0023,2026-02-19,8,108.0,ecommerce,SAP
ORD-002341,CUST-0075,SKU-0036,2025-12-27,18,59.4,rep,SAP
ORD-002342,CUST-0075,SKU-0057,2025-12-27,20,150.0,ecommerce,SAP
ORD-002349,CUST-0075,SKU-0002,2025-12-01,5,24.0,rep,SAP
ORD-002350,CUST-0075,SKU-0003,2025-12-01,15,58.5,rep,SAP
ORD-002351,CUST-0075,SKU-0005,2025-12-01,20,68.0,ecommerce,SAP
ORD-002357,CUST-0075,SKU-0047,2025-09-02,19,243.2,ecommerce,SAP
ORD-002362,CUST-0075,SKU-0025,2026-03-08,8,28.0,ecommerce,SAP
ORD-002364,CUST-0075,SKU-0040,2026-07-17,18,88.2,ecommerce,SAP
ORD-002366,CUST-0075,SKU-0038,2026-07-17,17,93.5,ecommerce,SAP
ORD-002367,CUST-0076,SKU-0017,2025-11-30,17,306.0,ecommerce,SAP
ORD-002369,CUST-0076,SKU-0016,2025-11-29,15,180.0,rep,SAP
ORD-002380,CUST-0076,SKU-0013,2025-10-30,6,17.4,rep,SAP
ORD-002384,CUST-0076,SKU-0043,2026-06-16,6,20.4,ecommerce,SAP
ORD-002385,CUST-0077,SKU-0033,2026-04-24,8,36.0,rep,SAP
ORD-002391,CUST-0077,SKU-0001,2026-02-23,9,40.5,ecommerce,SAP
ORD-002400,CUST-0077,SKU-0041,2026-04-11,14,63.0,rep,SAP
ORD-002406,CUST-0077,SKU-0057,2026-06-30,4,30.0,rep,SAP
ORD-002408,CUST-0077,SKU-0055,2026-03-14,1,1.9,ecommerce,SAP
ORD-002412,CUST-0078,SKU-0032,2025-12-23,4,14.4,ecommerce,SAP
ORD-002414,CUST-0078,SKU-0060,2025-09-23,9,40.5,rep,SAP
ORD-002416,CUST-0078,SKU-0035,2025-09-23,7,16.1,ecommerce,SAP
ORD-002419,CUST-0078,SKU-0005,2026-06-26,8,27.2,rep,SAP
ORD-002422,CUST-0078,SKU-0054,2026-04-17,11,41.8,ecommerce,SAP
ORD-002423,CUST-0078,SKU-0056,2026-04-17,15,172.5,ecommerce,SAP
ORD-002427,CUST-0078,SKU-0009,2026-05-16,9,85.5,rep,SAP
ORD-002432,CUST-0078,SKU-0002,2025-09-27,2,9.6,ecommerce,SAP
ORD-002433,CUST-0078,SKU-0059,2025-09-27,18,36.0,rep,SAP
ORD-002436,CUST-0078,SKU-0009,2026-05-13,3,28.5,ecommerce,SAP
ORD-002440,CUST-0078,SKU-0037,2025-09-30,1,3.1,ecommerce,SAP
ORD-002456,CUST-0079,SKU-0042,2025-10-14,16,115.2,ecommerce,SAP
ORD-002461,CUST-0079,SKU-0059,2026-05-16,6,12.0,ecommerce,SAP
ORD-002467,CUST-0079,SKU-0043,2026-05-21,5,17.0,ecommerce,SAP
ORD-002471,CUST-0079,SKU-0058,2025-11-19,7,36.4,ecommerce,SAP
ORD-002475,CUST-0080,SKU-0015,2026-04-14,14,91.0,ecommerce,SAP
ORD-002485,CUST-0080,SKU-0057,2026-06-05,15,112.5,ecommerce,SAP
ORD-002486,CUST-0080,SKU-0055,2026-06-05,14,26.6,ecommerce,SAP
ORD-002491,CUST-0080,SKU-0019,2025-09-03,17,144.5,ecommerce,SAP
ORD-002494,CUST-0080,SKU-0019,2026-01-24,14,119.0,ecommerce,SAP
ORD-002499,CUST-0080,SKU-0055,2026-06-29,4,7.6,ecommerce,SAP
ORD-002503,CUST-0080,SKU-0036,2026-06-29,3,9.9,ecommerce,SAP
ORD-000002,CUST-0001,SKU-0038,2025-12-14,16,88.0,ecommerce,Salesforce
ORD-000003,CUST-0001,SKU-0052,2025-12-14,10,50.0,ecommerce,Salesforce
ORD-000004,CUST-0001,SKU-0042,2025-12-14,20,144.0,rep,SAP
ORD-000006,CUST-0001,SKU-0007,2026-01-10,7,15.4,ecommerce,Salesforce
ORD-000007,CUST-0001,SKU-0006,2026-01-10,1,2.2,ecommerce,Salesforce
ORD-000008,CUST-0001,SKU-0007,2026-01-10,10,22.0,rep,SAP
ORD-000011,CUST-0001,SKU-0042,2025-09-12,19,136.8,rep,SAP
ORD-000012,CUST-0001,SKU-0042,2026-04-03,18,129.6,ecommerce,Salesforce
ORD-000013,CUST-0001,SKU-0049,2026-04-03,11,85.8,ecommerce,Salesforce
ORD-000014,CUST-0001,SKU-0053,2026-04-03,9,37.8,ecommerce,Salesforce
ORD-000015,CUST-0001,SKU-0030,2025-11-04,6,13.8,rep,SAP
ORD-000016,CUST-0001,SKU-0006,2025-11-04,16,35.2,ecommerce,Salesforce
ORD-000017,CUST-0001,SKU-0029,2025-11-04,14,32.2,ecommerce,Salesforce
ORD-000018,CUST-0001,SKU-0053,2025-11-04,18,75.6,ecommerce,Salesforce
ORD-000019,CUST-0001,SKU-0050,2025-12-14,17,59.5,rep,SAP
ORD-000020,CUST-0001,SKU-0030,2025-12-14,14,32.2,ecommerce,Salesforce
ORD-000021,CUST-0001,SKU-0049,2025-12-14,15,117.0,rep,SAP
ORD-000023,CUST-0001,SKU-0058,2026-05-15,6,31.2,ecommerce,Salesforce
ORD-000024,CUST-0001,SKU-0039,2026-03-03,4,12.8,ecommerce,Salesforce
ORD-000025,CUST-0001,SKU-0027,2026-01-03,16,67.2,rep,SAP
ORD-000027,CUST-0001,SKU-0018,2026-01-03,14,84.0,ecommerce,Salesforce
ORD-000028,CUST-0001,SKU-0008,2026-01-03,10,21.0,rep,SAP
ORD-000029,CUST-0001,SKU-0039,2026-01-03,18,57.6,ecommerce,Salesforce
ORD-000030,CUST-0001,SKU-0050,2026-05-12,7,24.5,rep,SAP
ORD-000031,CUST-0001,SKU-0009,2026-05-12,11,104.5,rep,SAP
ORD-000032,CUST-0001,SKU-0025,2026-05-12,5,17.5,ecommerce,Salesforce
ORD-000033,CUST-0001,SKU-0050,2026-05-12,4,14.0,rep,SAP
ORD-000034,CUST-0002,SKU-0027,2026-03-28,5,21.0,ecommerce,Salesforce
ORD-000037,CUST-0002,SKU-0052,2025-12-20,3,15.0,ecommerce,Salesforce
ORD-000038,CUST-0002,SKU-0028,2026-01-01,4,20.8,rep,SAP
ORD-000039,CUST-0002,SKU-0058,2026-01-01,10,52.0,rep,SAP
ORD-000040,CUST-0002,SKU-0010,2025-09-04,8,46.4,ecommerce,Salesforce
ORD-000042,CUST-0002,SKU-0039,2025-09-04,19,60.8,ecommerce,Salesforce
ORD-000043,CUST-0002,SKU-0039,2025-12-15,10,32.0,ecommerce,Salesforce
ORD-000044,CUST-0002,SKU-0042,2025-12-15,10,72.0,ecommerce,Salesforce
ORD-000045,CUST-0002,SKU-0010,2025-12-15,13,75.4,rep,SAP
ORD-000046,CUST-0002,SKU-0042,2025-12-15,10,72.0,rep,SAP
ORD-000048,CUST-0002,SKU-0015,2026-07-10,20,130.0,rep,SAP
ORD-000050,CUST-0002,SKU-0050,2026-07-10,15,52.5,ecommerce,Salesforce
ORD-000051,CUST-0002,SKU-0021,2025-10-13,14,100.8,ecommerce,Salesforce
ORD-000053,CUST-0002,SKU-0049,2026-05-10,11,85.8,rep,SAP
ORD-000055,CUST-0002,SKU-0001,2026-02-10,9,40.5,ecommerce,Salesforce
ORD-000056,CUST-0002,SKU-0009,2026-07-17,8,76.0,ecommerce,Salesforce
ORD-000057,CUST-0002,SKU-0021,2026-07-17,20,144.0,ecommerce,Salesforce
ORD-000058,CUST-0002,SKU-0059,2026-07-17,10,20.0,ecommerce,Salesforce
ORD-000059,CUST-0002,SKU-0009,2025-08-30,4,38.0,ecommerce,Salesforce
ORD-000060,CUST-0002,SKU-0042,2026-02-21,5,36.0,rep,SAP
ORD-000061,CUST-0002,SKU-0040,2026-02-21,14,68.6,rep,SAP
ORD-000063,CUST-0002,SKU-0042,2026-02-21,12,86.4,ecommerce,Salesforce
ORD-000064,CUST-0003,SKU-0004,2026-03-27,11,35.2,ecommerce,Salesforce
ORD-000065,CUST-0003,SKU-0052,2026-05-23,7,35.0,rep,SAP
ORD-000067,CUST-0003,SKU-0005,2025-10-20,1,3.4,ecommerce,Salesforce
ORD-000068,CUST-0003,SKU-0038,2025-10-20,11,60.5,ecommerce,Salesforce
ORD-000069,CUST-0003,SKU-0039,2025-10-10,15,48.0,rep,SAP
ORD-000071,CUST-0003,SKU-0031,2025-10-10,1,6.5,ecommerce,Salesforce
ORD-000072,CUST-0003,SKU-0039,2025-10-10,15,48.0,ecommerce,Salesforce
ORD-000073,CUST-0003,SKU-0042,2026-06-14,19,136.8,ecommerce,Salesforce
ORD-000074,CUST-0003,SKU-0034,2026-06-14,10,22.0,ecommerce,Salesforce
ORD-000075,CUST-0003,SKU-0042,2025-09-26,18,129.6,rep,SAP
ORD-000076,CUST-0003,SKU-0031,2026-03-26,14,91.0,rep,SAP
ORD-000077,CUST-0003,SKU-0030,2026-03-26,5,11.5,ecommerce,Salesforce
ORD-000078,CUST-0003,SKU-0058,2025-09-22,12,62.4,rep,SAP
ORD-000080,CUST-0004,SKU-0008,2026-05-21,20,42.0,ecommerce,Salesforce
ORD-000081,CUST-0004,SKU-0053,2026-05-21,16,67.2,ecommerce,Salesforce
ORD-000082,CUST-0004,SKU-0024,2026-05-21,4,14.0,rep,SAP
ORD-000084,CUST-0004,SKU-0009,2026-06-17,6,57.0,ecommerce,Salesforce
ORD-000085,CUST-0004,SKU-0023,2026-06-17,1,13.5,ecommerce,Salesforce
ORD-000086,CUST-0004,SKU-0006,2026-06-17,1,2.2,ecommerce,Salesforce
ORD-000087,CUST-0004,SKU-0030,2026-06-17,6,13.8,ecommerce,Salesforce
ORD-000088,CUST-0004,SKU-0037,2026-06-17,20,62.0,ecommerce,Salesforce
ORD-000089,CUST-0004,SKU-0008,2025-10-26,15,31.5,ecommerce,Salesforce
ORD-000090,CUST-0004,SKU-0010,2025-10-26,17,98.6,ecommerce,Salesforce
ORD-000091,CUST-0004,SKU-0042,2025-10-26,10,72.0,ecommerce,Salesforce
ORD-000092,CUST-0004,SKU-0007,2025-10-26,10,22.0,rep,SAP
ORD-000093,CUST-0004,SKU-0019,2025-10-26,11,93.5,ecommerce,Salesforce
ORD-000095,CUST-0004,SKU-0038,2026-03-15,1,5.5,ecommerce,Salesforce
ORD-000096,CUST-0004,SKU-0049,2026-01-14,14,109.2,ecommerce,Salesforce
ORD-000097,CUST-0004,SKU-0011,2026-01-14,20,64.0,ecommerce,Salesforce
ORD-000098,CUST-0004,SKU-0050,2026-01-14,4,14.0,ecommerce,Salesforce
ORD-000099,CUST-0004,SKU-0050,2026-01-14,10,35.0,rep,SAP
ORD-000100,CUST-0004,SKU-0005,2026-01-14,17,57.8,ecommerce,Salesforce
ORD-000101,CUST-0004,SKU-0007,2025-11-14,4,8.8,ecommerce,Salesforce
ORD-000102,CUST-0004,SKU-0006,2025-11-14,16,35.2,ecommerce,Salesforce
ORD-000103,CUST-0004,SKU-0050,2025-11-14,11,38.5,ecommerce,Salesforce
ORD-000104,CUST-0004,SKU-0038,2026-03-21,2,11.0,ecommerce,Salesforce
ORD-000105,CUST-0004,SKU-0004,2026-03-21,12,38.4,rep,SAP
ORD-000106,CUST-0004,SKU-0055,2026-03-21,3,5.7,ecommerce,Salesforce
ORD-000107,CUST-0004,SKU-0039,2026-03-31,19,60.8,ecommerce,Salesforce
ORD-000109,CUST-0004,SKU-0051,2026-03-31,6,25.2,ecommerce,Salesforce
ORD-000110,CUST-0004,SKU-0034,2026-03-31,17,37.4,ecommerce,Salesforce
ORD-000111,CUST-0004,SKU-0025,2026-03-31,14,49.0,rep,SAP
ORD-000112,CUST-0004,SKU-0051,2025-09-02,13,54.6,ecommerce,Salesforce
ORD-000113,CUST-0004,SKU-0029,2025-09-02,3,6.9,ecommerce,Salesforce
ORD-000114,CUST-0004,SKU-0010,2025-09-02,20,116.0,rep,SAP
ORD-000116,CUST-0004,SKU-0044,2026-05-20,17,151.3,ecommerce,Salesforce
ORD-000117,CUST-0004,SKU-0029,2026-05-20,10,23.0,ecommerce,Salesforce
ORD-000118,CUST-0004,SKU-0032,2026-05-20,7,25.2,ecommerce,Salesforce
ORD-000120,CUST-0004,SKU-0003,2025-09-15,11,42.9,rep,SAP
ORD-000121,CUST-0004,SKU-0006,2025-09-15,6,13.2,rep,SAP
ORD-000122,CUST-0004,SKU-0049,2025-10-30,8,62.4,rep,SAP
ORD-000123,CUST-0004,SKU-0051,2025-10-30,15,63.0,ecommerce,Salesforce
ORD-000124,CUST-0004,SKU-0051,2025-10-30,16,67.2,rep,SAP
ORD-000125,CUST-0004,SKU-0031,2025-10-30,10,65.0,rep,SAP
ORD-000126,CUST-0005,SKU-0009,2025-10-28,9,85.5,ecommerce,Salesforce
ORD-000127,CUST-0005,SKU-0058,2025-10-28,17,88.4,rep,SAP
ORD-000128,CUST-0005,SKU-0038,2025-10-28,3,16.5,rep,SAP
ORD-000129,CUST-0005,SKU-0009,2025-10-28,14,133.0,ecommerce,Salesforce
ORD-000132,CUST-0005,SKU-0058,2026-08-07,16,83.2,ecommerce,Salesforce
ORD-000133,CUST-0005,SKU-0010,2026-08-07,5,29.0,ecommerce,Salesforce
ORD-000134,CUST-0005,SKU-0010,2026-05-04,10,58.0,ecommerce,Salesforce
ORD-000135,CUST-0005,SKU-0009,2026-05-04,4,38.0,rep,SAP
ORD-000136,CUST-0005,SKU-0058,2026-05-04,5,26.0,ecommerce,Salesforce
ORD-000137,CUST-0005,SKU-0010,2026-05-04,3,17.4,ecommerce,Salesforce
ORD-000138,CUST-0005,SKU-0038,2026-05-03,16,88.0,ecommerce,Salesforce
ORD-000139,CUST-0005,SKU-0029,2026-05-03,3,6.9,ecommerce,Salesforce
ORD-000140,CUST-0005,SKU-0010,2026-05-03,2,11.6,ecommerce,Salesforce
ORD-000142,CUST-0005,SKU-0009,2026-05-03,10,95.0,ecommerce,Salesforce
ORD-000143,CUST-0005,SKU-0033,2025-08-28,13,58.5,rep,SAP
ORD-000144,CUST-0005,SKU-0008,2025-08-28,12,25.2,rep,SAP
ORD-000145,CUST-0005,SKU-0009,2025-08-28,12,114.0,ecommerce,Salesforce
ORD-000146,CUST-0005,SKU-0039,2026-03-20,16,51.2,ecommerce,Salesforce
ORD-000147,CUST-0005,SKU-0058,2026-03-20,14,72.8,ecommerce,Salesforce
ORD-000148,CUST-0005,SKU-0035,2026-03-20,10,23.0,ecommerce,Salesforce
ORD-000149,CUST-0005,SKU-0031,2026-03-20,20,130.0,rep,SAP
ORD-000152,CUST-0005,SKU-0006,2026-03-22,20,44.0,ecommerce,Salesforce
ORD-000153,CUST-0005,SKU-0030,2025-10-10,13,29.9,rep,SAP
ORD-000154,CUST-0005,SKU-0024,2025-10-24,15,52.5,rep,SAP
ORD-000155,CUST-0005,SKU-0030,2025-10-24,9,20.7,ecommerce,Salesforce
ORD-000156,CUST-0005,SKU-0032,2025-10-24,17,61.2,ecommerce,Salesforce
ORD-000157,CUST-0005,SKU-0049,2025-10-24,15,117.0,ecommerce,Salesforce
ORD-000158,CUST-0005,SKU-0005,2026-07-28,15,51.0,ecommerce,Salesforce
ORD-000159,CUST-0005,SKU-0052,2026-07-28,11,55.0,ecommerce,Salesforce
ORD-000161,CUST-0005,SKU-0042,2026-07-28,8,57.6,ecommerce,Salesforce
ORD-000163,CUST-0006,SKU-0049,2025-12-06,16,124.8,ecommerce,Salesforce
ORD-000164,CUST-0006,SKU-0005,2025-12-06,5,17.0,rep,SAP
ORD-000165,CUST-0006,SKU-0010,2025-12-06,18,104.4,ecommerce,Salesforce
ORD-000166,CUST-0006,SKU-0005,2025-10-12,17,57.8,ecommerce,Salesforce
ORD-000168,CUST-0006,SKU-0010,2025-10-12,10,58.0,ecommerce,Salesforce
ORD-000169,CUST-0006,SKU-0006,2025-10-12,20,44.0,rep,SAP
ORD-000170,CUST-0006,SKU-0002,2026-05-22,3,14.4,ecommerce,Salesforce
ORD-000171,CUST-0006,SKU-0042,2026-05-29,1,7.2,ecommerce,Salesforce
ORD-000172,CUST-0006,SKU-0031,2026-05-29,8,52.0,rep,SAP
ORD-000173,CUST-0006,SKU-0058,2026-05-29,2,10.4,ecommerce,Salesforce
ORD-000175,CUST-0006,SKU-0009,2026-04-01,12,114.0,ecommerce,Salesforce
ORD-000176,CUST-0006,SKU-0010,2025-12-08,5,29.0,ecommerce,Salesforce
ORD-000178,CUST-0006,SKU-0013,2025-12-08,6,17.4,ecommerce,Salesforce
ORD-000179,CUST-0006,SKU-0031,2025-12-08,1,6.5,ecommerce,Salesforce
ORD-000180,CUST-0006,SKU-0009,2026-03-29,2,19.0,ecommerce,Salesforce
ORD-000181,CUST-0006,SKU-0044,2026-03-29,16,142.4,ecommerce,Salesforce
ORD-000182,CUST-0006,SKU-0049,2025-10-01,12,93.6,rep,SAP
ORD-000183,CUST-0006,SKU-0029,2025-10-01,18,41.4,ecommerce,Salesforce
ORD-000184,CUST-0006,SKU-0050,2025-10-01,20,70.0,ecommerce,Salesforce
ORD-000185,CUST-0006,SKU-0026,2025-10-01,12,74.4,rep,SAP
ORD-000186,CUST-0006,SKU-0042,2026-02-10,2,14.4,ecommerce,Salesforce
ORD-000188,CUST-0007,SKU-0042,2026-01-21,10,72.0,ecommerce,Salesforce
ORD-000191,CUST-0007,SKU-0041,2026-01-21,1,4.5,ecommerce,Salesforce
ORD-000192,CUST-0007,SKU-0058,2026-01-21,2,10.4,ecommerce,Salesforce
ORD-000193,CUST-0007,SKU-0025,2026-06-25,5,17.5,rep,SAP
ORD-000194,CUST-0007,SKU-0007,2026-06-25,1,2.2,ecommerce,Salesforce
ORD-000196,CUST-0007,SKU-0048,2026-06-25,2,12.4,rep,SAP
ORD-000197,CUST-0007,SKU-0042,2026-06-25,13,93.6,ecommerce,Salesforce
ORD-000198,CUST-0007,SKU-0042,2026-05-06,16,115.2,ecommerce,Salesforce
ORD-000199,CUST-0007,SKU-0008,2026-05-06,10,21.0,rep,SAP
ORD-000200,CUST-0007,SKU-0030,2026-05-06,18,41.4,rep,SAP
ORD-000202,CUST-0007,SKU-0049,2025-12-25,3,23.4,ecommerce,Salesforce
ORD-000203,CUST-0007,SKU-0010,2025-12-25,7,40.6,rep,SAP
ORD-000204,CUST-0007,SKU-0007,2026-05-21,2,4.4,ecommerce,Salesforce
ORD-000205,CUST-0007,SKU-0005,2026-05-21,14,47.6,ecommerce,Salesforce
ORD-000206,CUST-0007,SKU-0004,2026-05-21,18,57.6,rep,SAP
ORD-000207,CUST-0007,SKU-0008,2026-07-07,11,23.1,ecommerce,Salesforce
ORD-000208,CUST-0007,SKU-0042,2026-07-07,19,136.8,ecommerce,Salesforce
ORD-000210,CUST-0007,SKU-0003,2026-07-07,13,50.7,rep,SAP
ORD-000211,CUST-0007,SKU-0029,2026-01-02,10,23.0,ecommerce,Salesforce
ORD-000212,CUST-0007,SKU-0009,2026-05-02,17,161.5,ecommerce,Salesforce
ORD-000213,CUST-0007,SKU-0058,2026-05-02,15,78.0,ecommerce,Salesforce
ORD-000214,CUST-0007,SKU-0050,2026-05-02,10,35.0,ecommerce,Salesforce
ORD-000215,CUST-0007,SKU-0050,2026-05-02,14,49.0,ecommerce,Salesforce
ORD-000216,CUST-0007,SKU-0039,2026-07-15,11,35.2,rep,SAP
ORD-000217,CUST-0008,SKU-0022,2025-12-05,10,80.0,ecommerce,Salesforce
ORD-000218,CUST-0008,SKU-0049,2025-12-05,8,62.4,ecommerce,Salesforce
ORD-000223,CUST-0008,SKU-0044,2026-02-11,20,178.0,rep,SAP
ORD-000225,CUST-0008,SKU-0013,2026-02-11,19,55.1,ecommerce,Salesforce
ORD-000227,CUST-0008,SKU-0039,2026-04-30,5,16.0,ecommerce,Salesforce
ORD-000228,CUST-0008,SKU-0049,2026-04-30,10,78.0,rep,SAP
ORD-000229,CUST-0008,SKU-0048,2026-04-30,7,43.4,ecommerce,Salesforce
ORD-000230,CUST-0008,SKU-0005,2026-01-30,16,54.4,ecommerce,Salesforce
ORD-000231,CUST-0008,SKU-0031,2025-10-15,13,84.5,ecommerce,Salesforce
ORD-000233,CUST-0008,SKU-0058,2025-10-15,8,41.6,rep,SAP
ORD-000234,CUST-0008,SKU-0030,2025-10-15,18,41.4,ecommerce,Salesforce
ORD-000235,CUST-0008,SKU-0008,2025-12-02,7,14.7,rep,SAP
ORD-000236,CUST-0008,SKU-0042,2025-12-02,1,7.2,ecommerce,Salesforce
ORD-000237,CUST-0008,SKU-0007,2026-06-07,2,4.4,ecommerce,Salesforce
ORD-000238,CUST-0008,SKU-0010,2025-11-26,19,110.2,ecommerce,Salesforce
ORD-000239,CUST-0008,SKU-0053,2026-07-17,17,71.4,ecommerce,Salesforce
ORD-000240,CUST-0008,SKU-0053,2026-07-17,14,58.8,ecommerce,Salesforce
ORD-000241,CUST-0008,SKU-0050,2026-07-17,17,59.5,ecommerce,Salesforce
ORD-000242,CUST-0008,SKU-0010,2025-10-22,8,46.4,ecommerce,Salesforce
ORD-000244,CUST-0008,SKU-0038,2025-10-22,8,44.0,ecommerce,Salesforce
ORD-000245,CUST-0008,SKU-0006,2025-09-16,18,39.6,rep,SAP
ORD-000246,CUST-0008,SKU-0005,2025-09-16,7,23.8,rep,SAP
ORD-000247,CUST-0008,SKU-0039,2025-09-16,7,22.4,rep,SAP
ORD-000249,CUST-0009,SKU-0038,2026-04-09,8,44.0,ecommerce,Salesforce
ORD-000251,CUST-0009,SKU-0047,2026-04-02,16,204.8,rep,SAP
ORD-000252,CUST-0009,SKU-0052,2025-11-19,8,40.0,rep,SAP
ORD-000253,CUST-0009,SKU-0030,2025-11-19,5,11.5,ecommerce,Salesforce
ORD-000254,CUST-0009,SKU-0039,2025-11-19,18,57.6,ecommerce,Salesforce
ORD-000255,CUST-0009,SKU-0042,2025-12-16,16,115.2,ecommerce,Salesforce
ORD-000257,CUST-0009,SKU-0051,2025-12-16,2,8.4,rep,SAP
ORD-000259,CUST-0009,SKU-0001,2025-12-03,7,31.5,ecommerce,Salesforce
ORD-000260,CUST-0009,SKU-0043,2026-06-19,16,54.4,ecommerce,Salesforce
ORD-000261,CUST-0009,SKU-0051,2026-06-19,9,37.8,ecommerce,Salesforce
ORD-000262,CUST-0009,SKU-0050,2026-06-19,6,21.0,ecommerce,Salesforce
ORD-000263,CUST-0009,SKU-0052,2026-06-19,17,85.0,ecommerce,Salesforce
ORD-000264,CUST-0009,SKU-0006,2026-06-19,12,26.4,rep,SAP
ORD-000265,CUST-0009,SKU-0053,2025-12-09,2,8.4,ecommerce,Salesforce
ORD-000266,CUST-0009,SKU-0053,2025-12-09,1,4.2,rep,SAP
ORD-000268,CUST-0009,SKU-0030,2026-03-17,2,4.6,rep,SAP
ORD-000269,CUST-0009,SKU-0006,2026-03-17,11,24.2,ecommerce,Salesforce
ORD-000270,CUST-0010,SKU-0020,2026-08-06,6,84.0,ecommerce,Salesforce
ORD-000271,CUST-0010,SKU-0044,2026-08-06,18,160.2,ecommerce,Salesforce
ORD-000272,CUST-0010,SKU-0051,2026-08-06,12,50.4,ecommerce,Salesforce
ORD-000274,CUST-0010,SKU-0050,2026-02-26,15,52.5,ecommerce,Salesforce
ORD-000275,CUST-0010,SKU-0028,2026-02-26,6,31.2,ecommerce,Salesforce
ORD-000276,CUST-0010,SKU-0050,2026-02-26,8,28.0,rep,SAP
ORD-000277,CUST-0010,SKU-0041,2025-10-24,5,22.5,rep,SAP
ORD-000278,CUST-0010,SKU-0008,2025-10-24,15,31.5,ecommerce,Salesforce
ORD-000279,CUST-0010,SKU-0038,2025-10-24,15,82.5,ecommerce,Salesforce
ORD-000280,CUST-0010,SKU-0029,2025-10-24,18,41.4,ecommerce,Salesforce
ORD-000281,CUST-0010,SKU-0031,2026-01-20,3,19.5,rep,SAP
ORD-000282,CUST-0010,SKU-0016,2026-01-20,19,228.0,ecommerce,Salesforce
ORD-000283,CUST-0010,SKU-0030,2026-01-20,9,20.7,ecommerce,Salesforce
ORD-000284,CUST-0010,SKU-0030,2026-01-20,16,36.8,rep,SAP
ORD-000285,CUST-0010,SKU-0039,2025-12-11,4,12.8,ecommerce,Salesforce
ORD-000286,CUST-0010,SKU-0050,2025-12-11,11,38.5,ecommerce,Salesforce
ORD-000287,CUST-0010,SKU-0042,2025-12-11,20,144.0,ecommerce,Salesforce
ORD-000289,CUST-0010,SKU-0041,2026-01-17,16,72.0,rep,SAP
ORD-000291,CUST-0010,SKU-0053,2026-01-17,18,75.6,ecommerce,Salesforce
ORD-000292,CUST-0010,SKU-0050,2026-08-04,3,10.5,rep,SAP
ORD-000293,CUST-0010,SKU-0010,2026-08-04,10,58.0,ecommerce,Salesforce
ORD-000297,CUST-0010,SKU-0053,2026-03-11,12,50.4,ecommerce,Salesforce
ORD-000298,CUST-0010,SKU-0022,2026-05-22,14,112.0,ecommerce,Salesforce
ORD-000299,CUST-0010,SKU-0039,2026-05-22,12,38.4,ecommerce,Salesforce
ORD-000300,CUST-0010,SKU-0029,2026-05-22,1,2.3,ecommerce,Salesforce
ORD-000301,CUST-0010,SKU-0006,2026-05-22,4,8.8,rep,SAP
ORD-000302,CUST-0011,SKU-0051,2026-01-13,16,67.2,ecommerce,Salesforce
ORD-000303,CUST-0011,SKU-0029,2026-01-13,11,25.3,ecommerce,Salesforce
ORD-000304,CUST-0011,SKU-0002,2026-01-13,11,52.8,ecommerce,Salesforce
ORD-000305,CUST-0011,SKU-0029,2025-10-30,18,41.4,ecommerce,Salesforce
ORD-000306,CUST-0011,SKU-0041,2025-10-30,6,27.0,ecommerce,Salesforce
ORD-000307,CUST-0011,SKU-0057,2026-02-25,7,52.5,ecommerce,Salesforce
ORD-000308,CUST-0011,SKU-0052,2025-08-09,4,20.0,rep,SAP
ORD-000311,CUST-0011,SKU-0042,2026-05-04,19,136.8,ecommerce,Salesforce
ORD-000312,CUST-0011,SKU-0009,2026-05-04,6,57.0,ecommerce,Salesforce
ORD-000313,CUST-0011,SKU-0031,2026-02-21,6,39.0,ecommerce,Salesforce
ORD-000314,CUST-0011,SKU-0060,2026-02-21,6,27.0,ecommerce,Salesforce
ORD-000316,CUST-0011,SKU-0032,2026-02-21,5,18.0,ecommerce,Salesforce
ORD-000318,CUST-0011,SKU-0052,2026-05-21,1,5.0,rep,SAP
ORD-000319,CUST-0011,SKU-0051,2026-05-21,10,42.0,ecommerce,Salesforce
ORD-000320,CUST-0011,SKU-0050,2026-05-21,16,56.0,ecommerce,Salesforce
ORD-000321,CUST-0011,SKU-0042,2026-05-21,2,14.4,rep,SAP
ORD-000322,CUST-0011,SKU-0008,2025-11-26,2,4.2,ecommerce,Salesforce
ORD-000323,CUST-0011,SKU-0029,2025-11-26,4,9.2,rep,SAP
ORD-000324,CUST-0011,SKU-0038,2025-11-26,12,66.0,rep,SAP
ORD-000325,CUST-0011,SKU-0007,2025-11-26,7,15.4,rep,SAP
ORD-000326,CUST-0011,SKU-0029,2026-05-06,10,23.0,ecommerce,Salesforce
ORD-000327,CUST-0011,SKU-0058,2026-05-06,4,20.8,ecommerce,Salesforce
ORD-000328,CUST-0011,SKU-0008,2026-05-06,5,10.5,rep,SAP
ORD-000329,CUST-0011,SKU-0049,2025-10-20,13,101.4,ecommerce,Salesforce
ORD-000330,CUST-0011,SKU-0031,2025-10-20,15,97.5,ecommerce,Salesforce
ORD-000331,CUST-0011,SKU-0026,2025-10-20,17,105.4,rep,SAP
ORD-000332,CUST-0012,SKU-0058,2026-03-27,3,15.6,rep,SAP
ORD-000333,CUST-0012,SKU-0050,2026-03-27,3,10.5,rep,SAP
ORD-000334,CUST-0012,SKU-0053,2026-03-27,7,29.4,ecommerce,Salesforce
ORD-000336,CUST-0012,SKU-0009,2025-08-31,4,38.0,rep,SAP
ORD-000338,CUST-0012,SKU-0009,2026-07-05,12,114.0,ecommerce,Salesforce
ORD-000339,CUST-0012,SKU-0011,2026-07-05,2,6.4,ecommerce,Salesforce
ORD-000340,CUST-0012,SKU-0038,2026-07-05,3,16.5,rep,SAP
ORD-000341,CUST-0012,SKU-0051,2026-04-08,15,63.0,ecommerce,Salesforce
ORD-000342,CUST-0012,SKU-0009,2025-10-07,8,76.0,ecommerce,Salesforce
ORD-000343,CUST-0012,SKU-0030,2025-10-07,10,23.0,ecommerce,Salesforce
ORD-000344,CUST-0012,SKU-0009,2025-10-07,5,47.5,ecommerce,Salesforce
ORD-000345,CUST-0012,SKU-0039,2025-10-07,12,38.4,rep,SAP
ORD-000346,CUST-0012,SKU-0050,2025-10-23,7,24.5,ecommerce,Salesforce
ORD-000347,CUST-0012,SKU-0038,2025-10-23,13,71.5,ecommerce,Salesforce
ORD-000348,CUST-0012,SKU-0016,2025-10-23,9,108.0,ecommerce,Salesforce
ORD-000349,CUST-0012,SKU-0050,2025-10-23,1,3.5,rep,SAP
ORD-000350,CUST-0012,SKU-0058,2026-01-08,13,67.6,ecommerce,Salesforce
ORD-000351,CUST-0012,SKU-0016,2026-01-08,16,192.0,ecommerce,Salesforce
ORD-000354,CUST-0012,SKU-0002,2026-06-29,19,91.2,ecommerce,Salesforce
ORD-000355,CUST-0012,SKU-0038,2026-06-29,17,93.5,ecommerce,Salesforce
ORD-000356,CUST-0012,SKU-0028,2026-06-29,13,67.6,ecommerce,Salesforce
ORD-000359,CUST-0013,SKU-0049,2026-07-02,8,62.4,ecommerce,Salesforce
ORD-000360,CUST-0013,SKU-0008,2026-03-17,6,12.6,ecommerce,Salesforce
ORD-000361,CUST-0013,SKU-0042,2026-08-01,17,122.4,rep,SAP
ORD-000362,CUST-0013,SKU-0049,2025-10-31,4,31.2,rep,SAP
ORD-000363,CUST-0013,SKU-0018,2025-10-31,17,102.0,ecommerce,Salesforce
ORD-000364,CUST-0013,SKU-0039,2025-10-31,15,48.0,ecommerce,Salesforce
ORD-000365,CUST-0013,SKU-0050,2026-05-24,4,14.0,rep,SAP
ORD-000366,CUST-0013,SKU-0004,2026-05-24,1,3.2,ecommerce,Salesforce
ORD-000367,CUST-0013,SKU-0051,2026-02-19,14,58.8,ecommerce,Salesforce
ORD-000368,CUST-0013,SKU-0021,2026-02-19,9,64.8,rep,SAP
ORD-000370,CUST-0013,SKU-0005,2025-10-07,15,51.0,rep,SAP
ORD-000371,CUST-0013,SKU-0051,2025-10-07,15,63.0,ecommerce,Salesforce
ORD-000372,CUST-0013,SKU-0049,2025-10-07,20,156.0,ecommerce,Salesforce
ORD-000373,CUST-0013,SKU-0050,2025-10-07,7,24.5,rep,SAP
ORD-000374,CUST-0013,SKU-0009,2025-12-10,8,76.0,ecommerce,Salesforce
ORD-000375,CUST-0013,SKU-0029,2025-12-10,1,2.3,rep,SAP
ORD-000377,CUST-0013,SKU-0051,2025-10-18,14,58.8,rep,SAP
ORD-000378,CUST-0013,SKU-0006,2025-10-18,19,41.8,ecommerce,Salesforce
ORD-000379,CUST-0013,SKU-0005,2025-10-18,19,64.6,ecommerce,Salesforce
ORD-000380,CUST-0013,SKU-0050,2025-10-12,13,45.5,rep,SAP
ORD-000381,CUST-0013,SKU-0010,2025-10-12,3,17.4,rep,SAP
ORD-000382,CUST-0013,SKU-0039,2026-06-02,15,48.0,ecommerce,Salesforce
ORD-000384,CUST-0013,SKU-0007,2026-02-06,11,24.2,ecommerce,Salesforce
ORD-000385,CUST-0014,SKU-0030,2026-02-25,6,13.8,ecommerce,Salesforce
ORD-000386,CUST-0014,SKU-0005,2026-02-25,15,51.0,ecommerce,Salesforce
ORD-000387,CUST-0014,SKU-0007,2026-02-25,5,11.0,ecommerce,Salesforce
ORD-000389,CUST-0014,SKU-0007,2026-02-25,15,33.0,rep,SAP
ORD-000390,CUST-0014,SKU-0009,2026-01-23,6,57.0,rep,SAP
ORD-000391,CUST-0014,SKU-0010,2026-02-25,12,69.6,ecommerce,Salesforce
ORD-000392,CUST-0014,SKU-0004,2026-02-25,20,64.0,ecommerce,Salesforce
ORD-000393,CUST-0014,SKU-0042,2026-02-25,16,115.2,ecommerce,Salesforce
ORD-000395,CUST-0014,SKU-0051,2026-05-12,12,50.4,ecommerce,Salesforce
ORD-000396,CUST-0014,SKU-0030,2026-01-30,6,13.8,ecommerce,Salesforce
ORD-000397,CUST-0014,SKU-0009,2026-01-30,16,152.0,ecommerce,Salesforce
ORD-000398,CUST-0014,SKU-0011,2026-01-30,4,12.8,ecommerce,Salesforce
ORD-000399,CUST-0014,SKU-0007,2026-01-30,19,41.8,rep,SAP
ORD-000401,CUST-0014,SKU-0002,2026-07-30,12,57.6,rep,SAP
ORD-000402,CUST-0014,SKU-0039,2026-07-30,18,57.6,ecommerce,Salesforce
ORD-000403,CUST-0014,SKU-0052,2026-07-30,8,40.0,ecommerce,Salesforce
ORD-000405,CUST-0014,SKU-0006,2026-01-23,19,41.8,rep,SAP
ORD-000406,CUST-0014,SKU-0009,2026-01-23,12,114.0,rep,SAP
ORD-000407,CUST-0014,SKU-0030,2026-01-23,11,25.3,ecommerce,Salesforce
ORD-000408,CUST-0014,SKU-0051,2026-01-23,16,67.2,ecommerce,Salesforce
ORD-000409,CUST-0014,SKU-0015,2026-05-21,19,123.5,rep,SAP
ORD-000410,CUST-0014,SKU-0019,2026-05-21,5,42.5,ecommerce,Salesforce
ORD-000411,CUST-0014,SKU-0037,2026-05-21,13,40.3,rep,SAP
ORD-000413,CUST-0014,SKU-0039,2026-05-21,5,16.0,ecommerce,Salesforce
ORD-000414,CUST-0014,SKU-0058,2026-01-31,11,57.2,ecommerce,Salesforce
ORD-000415,CUST-0014,SKU-0029,2026-01-31,9,20.7,rep,SAP
ORD-000417,CUST-0014,SKU-0009,2026-04-16,16,152.0,rep,SAP
ORD-000418,CUST-0014,SKU-0015,2026-04-16,6,39.0,ecommerce,Salesforce
ORD-000419,CUST-0014,SKU-0029,2026-04-16,9,20.7,rep,SAP
ORD-000421,CUST-0015,SKU-0058,2026-01-27,16,83.2,rep,SAP
ORD-000422,CUST-0015,SKU-0010,2026-01-27,2,11.6,ecommerce,Salesforce
ORD-000423,CUST-0015,SKU-0049,2026-01-27,10,78.0,ecommerce,Salesforce
ORD-000424,CUST-0015,SKU-0010,2026-01-27,2,11.6,ecommerce,Salesforce
ORD-000425,CUST-0015,SKU-0010,2026-01-27,4,23.2,ecommerce,Salesforce
ORD-000427,CUST-0015,SKU-0010,2025-12-20,12,69.6,rep,SAP
ORD-000428,CUST-0015,SKU-0030,2026-03-23,8,18.4,rep,SAP
ORD-000429,CUST-0015,SKU-0050,2025-10-23,18,63.0,ecommerce,Salesforce
ORD-000430,CUST-0015,SKU-0050,2025-12-01,17,59.5,ecommerce,Salesforce
ORD-000431,CUST-0015,SKU-0031,2025-12-01,19,123.5,rep,SAP
ORD-000434,CUST-0015,SKU-0052,2025-12-01,7,35.0,ecommerce,Salesforce
ORD-000435,CUST-0015,SKU-0052,2026-07-22,9,45.0,ecommerce,Salesforce
ORD-000436,CUST-0015,SKU-0006,2026-07-22,13,28.6,ecommerce,Salesforce
ORD-000437,CUST-0015,SKU-0034,2026-07-22,15,33.0,rep,SAP
ORD-000438,CUST-0015,SKU-0038,2026-07-22,17,93.5,rep,SAP
ORD-000439,CUST-0015,SKU-0005,2025-10-22,19,64.6,rep,SAP
ORD-000440,CUST-0015,SKU-0057,2025-10-22,12,90.0,rep,SAP
ORD-000441,CUST-0016,SKU-0006,2026-04-12,9,19.8,ecommerce,Salesforce
ORD-000442,CUST-0016,SKU-0009,2026-04-12,13,123.5,rep,SAP
ORD-000444,CUST-0016,SKU-0050,2026-04-12,16,56.0,rep,SAP
ORD-000445,CUST-0016,SKU-0015,2026-04-12,5,32.5,ecommerce,Salesforce
ORD-000446,CUST-0016,SKU-0039,2026-01-18,3,9.6,ecommerce,Salesforce
ORD-000448,CUST-0016,SKU-0033,2026-01-18,6,27.0,ecommerce,Salesforce
ORD-000449,CUST-0016,SKU-0034,2026-03-01,19,41.8,ecommerce,Salesforce
ORD-000450,CUST-0016,SKU-0054,2026-03-01,2,7.6,ecommerce,Salesforce
ORD-000451,CUST-0016,SKU-0042,2026-02-07,13,93.6,ecommerce,Salesforce
ORD-000453,CUST-0016,SKU-0010,2026-04-06,9,52.2,rep,SAP
ORD-000454,CUST-0016,SKU-0009,2026-04-06,6,57.0,rep,SAP
ORD-000455,CUST-0016,SKU-0053,2026-04-06,8,33.6,ecommerce,Salesforce
ORD-000456,CUST-0016,SKU-0053,2026-04-06,1,4.2,ecommerce,Salesforce
ORD-000458,CUST-0016,SKU-0050,2026-08-06,12,42.0,ecommerce,Salesforce
ORD-000460,CUST-0016,SKU-0054,2026-08-06,12,45.6,ecommerce,Salesforce
ORD-000461,CUST-0016,SKU-0009,2025-12-29,11,104.5,rep,SAP
ORD-000462,CUST-0016,SKU-0017,2025-12-29,10,180.0,ecommerce,Salesforce
ORD-000463,CUST-0016,SKU-0052,2025-12-29,13,65.0,ecommerce,Salesforce
ORD-000464,CUST-0016,SKU-0017,2025-08-20,14,252.0,ecommerce,Salesforce
ORD-000465,CUST-0016,SKU-0029,2025-08-20,8,18.4,ecommerce,Salesforce
ORD-000467,CUST-0016,SKU-0012,2025-08-20,10,48.0,ecommerce,Salesforce
ORD-000468,CUST-0016,SKU-0012,2025-12-17,11,52.8,ecommerce,Salesforce
ORD-000469,CUST-0016,SKU-0031,2025-12-17,11,71.5,ecommerce,Salesforce
ORD-000470,CUST-0016,SKU-0039,2025-12-17,2,6.4,rep,SAP
ORD-000471,CUST-0016,SKU-0005,2025-12-17,16,54.4,rep,SAP
ORD-000472,CUST-0016,SKU-0025,2025-12-17,17,59.5,ecommerce,Salesforce
ORD-000474,CUST-0016,SKU-0010,2025-10-23,11,63.8,rep,SAP
ORD-000475,CUST-0016,SKU-0029,2025-09-17,2,4.6,ecommerce,Salesforce
ORD-000476,CUST-0016,SKU-0011,2025-09-17,19,60.8,rep,SAP
ORD-000477,CUST-0016,SKU-0006,2025-09-17,5,11.0,ecommerce,Salesforce
ORD-000478,CUST-0016,SKU-0031,2025-09-17,1,6.5,ecommerce,Salesforce
ORD-000479,CUST-0016,SKU-0049,2026-02-14,17,132.6,ecommerce,Salesforce
ORD-000480,CUST-0016,SKU-0030,2026-06-23,5,11.5,ecommerce,Salesforce
ORD-000481,CUST-0016,SKU-0004,2026-06-23,10,32.0,rep,SAP
ORD-000482,CUST-0017,SKU-0016,2026-06-08,11,132.0,rep,SAP
ORD-000483,CUST-0017,SKU-0011,2026-06-08,13,41.6,ecommerce,Salesforce
ORD-000484,CUST-0017,SKU-0014,2026-06-08,1,5.5,ecommerce,Salesforce
ORD-000485,CUST-0017,SKU-0057,2026-06-08,2,15.0,ecommerce,Salesforce
ORD-000486,CUST-0017,SKU-0040,2026-06-08,2,9.8,ecommerce,Salesforce
ORD-000487,CUST-0017,SKU-0037,2025-10-01,15,46.5,ecommerce,Salesforce
ORD-000488,CUST-0017,SKU-0054,2026-04-06,1,3.8,ecommerce,Salesforce
ORD-000489,CUST-0017,SKU-0013,2026-04-06,14,40.6,rep,SAP
ORD-000490,CUST-0017,SKU-0055,2026-06-19,7,13.3,ecommerce,Salesforce
ORD-000491,CUST-0017,SKU-0045,2026-05-01,6,39.0,ecommerce,Salesforce
ORD-000492,CUST-0017,SKU-0046,2026-05-01,8,92.0,ecommerce,Salesforce
ORD-000493,CUST-0017,SKU-0020,2025-10-02,17,238.0,ecommerce,Salesforce
ORD-000496,CUST-0017,SKU-0017,2025-10-02,14,252.0,rep,SAP
ORD-000497,CUST-0017,SKU-0003,2025-10-02,1,3.9,rep,SAP
ORD-000498,CUST-0017,SKU-0045,2025-11-02,3,19.5,ecommerce,Salesforce
ORD-000499,CUST-0017,SKU-0056,2025-11-02,9,103.5,rep,SAP
ORD-000500,CUST-0017,SKU-0013,2025-11-02,4,11.6,ecommerce,Salesforce
ORD-000501,CUST-0017,SKU-0018,2025-10-27,19,114.0,ecommerce,Salesforce
ORD-000502,CUST-0017,SKU-0057,2026-02-17,5,37.5,ecommerce,Salesforce
ORD-000503,CUST-0017,SKU-0029,2026-02-17,2,4.6,ecommerce,Salesforce
ORD-000504,CUST-0017,SKU-0040,2026-02-17,19,93.1,rep,SAP
ORD-000505,CUST-0017,SKU-0054,2026-07-15,20,76.0,ecommerce,Salesforce
ORD-000506,CUST-0017,SKU-0048,2026-07-15,5,31.0,rep,SAP
ORD-000507,CUST-0017,SKU-0004,2026-07-15,1,3.2,ecommerce,Salesforce
ORD-000508,CUST-0017,SKU-0005,2026-04-04,16,54.4,ecommerce,Salesforce
ORD-000509,CUST-0017,SKU-0016,2026-04-04,18,216.0,ecommerce,Salesforce
ORD-000511,CUST-0017,SKU-0055,2026-04-04,1,1.9,ecommerce,Salesforce
ORD-000512,CUST-0017,SKU-0023,2026-05-19,17,229.5,ecommerce,Salesforce
ORD-000514,CUST-0017,SKU-0040,2026-05-19,16,78.4,rep,SAP
ORD-000516,CUST-0017,SKU-0019,2026-05-19,18,153.0,ecommerce,Salesforce
ORD-000517,CUST-0018,SKU-0054,2025-10-30,14,53.2,ecommerce,Salesforce
ORD-000518,CUST-0018,SKU-0014,2025-10-30,15,82.5,rep,SAP
ORD-000520,CUST-0018,SKU-0040,2025-10-30,5,24.5,rep,SAP
ORD-000521,CUST-0018,SKU-0054,2025-08-31,19,72.2,ecommerce,Salesforce
ORD-000523,CUST-0018,SKU-0040,2025-08-31,20,98.0,rep,SAP
ORD-000525,CUST-0018,SKU-0029,2025-08-31,5,11.5,ecommerce,Salesforce
ORD-000527,CUST-0018,SKU-0022,2026-04-26,20,160.0,rep,SAP
ORD-000528,CUST-0018,SKU-0009,2026-04-26,6,57.0,ecommerce,Salesforce
ORD-000530,CUST-0018,SKU-0017,2026-08-05,14,252.0,rep,SAP
ORD-000531,CUST-0018,SKU-0019,2026-08-05,2,17.0,ecommerce,Salesforce
ORD-000532,CUST-0018,SKU-0045,2026-08-05,5,32.5,rep,SAP
ORD-000533,CUST-0018,SKU-0015,2026-08-05,12,78.0,rep,SAP
ORD-000534,CUST-0018,SKU-0048,2026-07-18,18,111.6,ecommerce,Salesforce
ORD-000535,CUST-0018,SKU-0045,2026-07-18,10,65.0,ecommerce,Salesforce
ORD-000536,CUST-0018,SKU-0046,2026-07-18,18,207.0,ecommerce,Salesforce
ORD-000537,CUST-0018,SKU-0014,2026-07-18,12,66.0,rep,SAP
ORD-000539,CUST-0018,SKU-0048,2025-09-14,17,105.4,ecommerce,Salesforce
ORD-000540,CUST-0018,SKU-0013,2025-09-14,6,17.4,ecommerce,Salesforce
ORD-000541,CUST-0018,SKU-0010,2026-01-23,2,11.6,ecommerce,Salesforce
ORD-000542,CUST-0018,SKU-0040,2026-01-23,10,49.0,ecommerce,Salesforce
ORD-000543,CUST-0018,SKU-0017,2026-01-23,17,306.0,ecommerce,Salesforce
ORD-000544,CUST-0018,SKU-0016,2026-01-23,14,168.0,ecommerce,Salesforce
ORD-000545,CUST-0019,SKU-0046,2025-11-28,10,115.0,ecommerce,Salesforce
ORD-000546,CUST-0019,SKU-0057,2025-11-28,1,7.5,ecommerce,Salesforce
ORD-000547,CUST-0019,SKU-0016,2025-12-08,2,24.0,ecommerce,Salesforce
ORD-000548,CUST-0019,SKU-0008,2025-12-08,13,27.3,ecommerce,Salesforce
ORD-000549,CUST-0019,SKU-0057,2025-12-08,12,90.0,ecommerce,Salesforce
ORD-000551,CUST-0019,SKU-0040,2025-12-08,1,4.9,ecommerce,Salesforce
ORD-000554,CUST-0019,SKU-0017,2026-07-24,2,36.0,ecommerce,Salesforce
ORD-000555,CUST-0019,SKU-0036,2026-07-24,3,9.9,ecommerce,Salesforce
ORD-000556,CUST-0019,SKU-0018,2025-12-17,14,84.0,ecommerce,Salesforce
ORD-000558,CUST-0019,SKU-0015,2025-12-17,10,65.0,rep,SAP
ORD-000559,CUST-0019,SKU-0048,2025-12-17,13,80.6,rep,SAP
ORD-000560,CUST-0019,SKU-0018,2025-10-26,18,108.0,ecommerce,Salesforce
ORD-000561,CUST-0019,SKU-0054,2025-10-26,12,45.6,rep,SAP
ORD-000562,CUST-0019,SKU-0010,2025-10-26,4,23.2,ecommerce,Salesforce
ORD-000563,CUST-0019,SKU-0015,2025-10-26,10,65.0,ecommerce,Salesforce
ORD-000565,CUST-0019,SKU-0057,2025-10-18,9,67.5,ecommerce,Salesforce
ORD-000567,CUST-0019,SKU-0023,2026-05-15,3,40.5,ecommerce,Salesforce
ORD-000568,CUST-0019,SKU-0046,2026-05-15,5,57.5,ecommerce,Salesforce
ORD-000569,CUST-0019,SKU-0022,2026-05-15,11,88.0,ecommerce,Salesforce
ORD-000570,CUST-0019,SKU-0040,2026-05-15,5,24.5,ecommerce,Salesforce
ORD-000571,CUST-0019,SKU-0014,2026-01-15,8,44.0,rep,SAP
ORD-000572,CUST-0019,SKU-0013,2026-01-15,11,31.9,rep,SAP
ORD-000573,CUST-0019,SKU-0056,2026-01-15,18,207.0,ecommerce,Salesforce
ORD-000574,CUST-0019,SKU-0013,2026-01-15,18,52.2,ecommerce,Salesforce
ORD-000575,CUST-0019,SKU-0058,2026-06-23,1,5.2,rep,SAP
ORD-000576,CUST-0020,SKU-0014,2026-05-30,2,11.0,ecommerce,Salesforce
ORD-000577,CUST-0020,SKU-0031,2026-05-30,5,32.5,ecommerce,Salesforce
ORD-000578,CUST-0020,SKU-0047,2026-05-30,10,128.0,ecommerce,Salesforce
ORD-000580,CUST-0020,SKU-0009,2026-06-17,15,142.5,ecommerce,Salesforce
ORD-000581,CUST-0020,SKU-0055,2026-06-17,12,22.8,ecommerce,Salesforce
ORD-000582,CUST-0020,SKU-0019,2025-12-03,7,59.5,ecommerce,Salesforce
ORD-000583,CUST-0020,SKU-0057,2026-02-21,2,15.0,ecommerce,Salesforce
ORD-000584,CUST-0020,SKU-0054,2026-02-21,9,34.2,rep,SAP
ORD-000585,CUST-0020,SKU-0037,2026-02-21,13,40.3,ecommerce,Salesforce
ORD-000587,CUST-0020,SKU-0056,2026-04-28,16,184.0,rep,SAP
ORD-000588,CUST-0020,SKU-0029,2026-04-28,6,13.8,ecommerce,Salesforce
ORD-000589,CUST-0020,SKU-0021,2026-04-28,6,43.2,ecommerce,Salesforce
ORD-000590,CUST-0020,SKU-0037,2026-04-28,11,34.1,rep,SAP
ORD-000591,CUST-0020,SKU-0037,2026-04-09,1,3.1,ecommerce,Salesforce
ORD-000592,CUST-0020,SKU-0060,2026-04-09,2,9.0,rep,SAP
ORD-000593,CUST-0020,SKU-0060,2026-04-09,13,58.5,ecommerce,Salesforce
ORD-000594,CUST-0020,SKU-0054,2026-04-09,10,38.0,rep,SAP
ORD-000595,CUST-0020,SKU-0011,2026-06-13,8,25.6,rep,SAP
ORD-000596,CUST-0020,SKU-0053,2026-06-13,6,25.2,ecommerce,Salesforce
ORD-000597,CUST-0020,SKU-0017,2026-06-13,15,270.0,ecommerce,Salesforce
ORD-000600,CUST-0020,SKU-0040,2026-04-22,4,19.6,ecommerce,Salesforce
ORD-000601,CUST-0020,SKU-0035,2026-04-22,1,2.3,rep,SAP
ORD-000602,CUST-0020,SKU-0018,2026-04-22,12,72.0,rep,SAP
ORD-000604,CUST-0020,SKU-0054,2026-03-14,19,72.2,ecommerce,Salesforce
ORD-000605,CUST-0020,SKU-0006,2026-04-08,10,22.0,ecommerce,Salesforce
ORD-000606,CUST-0020,SKU-0019,2026-04-08,19,161.5,ecommerce,Salesforce
ORD-000607,CUST-0020,SKU-0048,2026-02-15,12,74.4,ecommerce,Salesforce
ORD-000608,CUST-0020,SKU-0048,2026-02-15,19,117.8,ecommerce,Salesforce
ORD-000609,CUST-0020,SKU-0027,2026-07-21,18,75.6,rep,SAP
ORD-000610,CUST-0020,SKU-0018,2026-07-21,9,54.0,rep,SAP
ORD-000611,CUST-0020,SKU-0026,2026-07-21,5,31.0,rep,SAP
ORD-000612,CUST-0020,SKU-0029,2026-07-21,6,13.8,ecommerce,Salesforce
ORD-000613,CUST-0021,SKU-0015,2026-05-15,6,39.0,ecommerce,Salesforce
ORD-000614,CUST-0021,SKU-0053,2026-05-15,5,21.0,ecommerce,Salesforce
ORD-000615,CUST-0021,SKU-0014,2026-05-15,12,66.0,ecommerce,Salesforce
ORD-000616,CUST-0021,SKU-0045,2026-05-15,20,130.0,ecommerce,Salesforce
ORD-000617,CUST-0021,SKU-0056,2026-05-15,1,11.5,ecommerce,Salesforce
ORD-000618,CUST-0021,SKU-0040,2026-04-29,17,83.3,ecommerce,Salesforce
ORD-000619,CUST-0021,SKU-0014,2026-04-29,1,5.5,rep,SAP
ORD-000620,CUST-0021,SKU-0046,2026-04-29,13,149.5,ecommerce,Salesforce
ORD-000621,CUST-0021,SKU-0036,2025-08-14,10,33.0,rep,SAP
ORD-000622,CUST-0021,SKU-0014,2026-06-01,20,110.0,rep,SAP
ORD-000623,CUST-0021,SKU-0023,2026-06-01,6,81.0,ecommerce,Salesforce
ORD-000625,CUST-0021,SKU-0048,2026-05-09,19,117.8,ecommerce,Salesforce
ORD-000626,CUST-0021,SKU-0056,2026-05-09,19,218.5,rep,SAP
ORD-000627,CUST-0021,SKU-0014,2026-05-09,8,44.0,rep,SAP
ORD-000628,CUST-0021,SKU-0015,2026-05-09,9,58.5,ecommerce,Salesforce
ORD-000629,CUST-0021,SKU-0012,2026-05-09,18,86.4,rep,SAP
ORD-000630,CUST-0021,SKU-0018,2026-02-04,6,36.0,rep,SAP
ORD-000631,CUST-0021,SKU-0032,2026-02-04,7,25.2,ecommerce,Salesforce
ORD-000632,CUST-0021,SKU-0034,2025-12-20,5,11.0,rep,SAP
ORD-000634,CUST-0021,SKU-0056,2025-08-28,19,218.5,rep,SAP
ORD-000635,CUST-0021,SKU-0059,2025-08-28,17,34.0,ecommerce,Salesforce
ORD-000636,CUST-0021,SKU-0060,2025-08-28,14,63.0,ecommerce,Salesforce
ORD-000637,CUST-0021,SKU-0013,2025-08-28,15,43.5,rep,SAP
ORD-000638,CUST-0021,SKU-0022,2026-03-30,13,104.0,ecommerce,Salesforce
ORD-000639,CUST-0021,SKU-0013,2026-03-30,18,52.2,ecommerce,Salesforce
ORD-000640,CUST-0021,SKU-0022,2026-03-30,12,96.0,ecommerce,Salesforce
ORD-000641,CUST-0021,SKU-0045,2026-03-09,15,97.5,ecommerce,Salesforce
ORD-000642,CUST-0021,SKU-0020,2026-03-09,9,126.0,rep,SAP
ORD-000643,CUST-0021,SKU-0013,2026-03-09,5,14.5,rep,SAP
ORD-000644,CUST-0022,SKU-0060,2025-08-11,18,81.0,rep,SAP
ORD-000645,CUST-0022,SKU-0057,2025-08-11,19,142.5,ecommerce,Salesforce
ORD-000646,CUST-0022,SKU-0056,2025-10-29,4,46.0,ecommerce,Salesforce
ORD-000647,CUST-0022,SKU-0046,2026-02-07,1,11.5,ecommerce,Salesforce
ORD-000648,CUST-0022,SKU-0016,2026-02-07,19,228.0,ecommerce,Salesforce
ORD-000649,CUST-0022,SKU-0046,2026-02-07,11,126.5,ecommerce,Salesforce
ORD-000650,CUST-0022,SKU-0056,2026-03-23,5,57.5,rep,SAP
ORD-000651,CUST-0022,SKU-0018,2026-01-26,3,18.0,ecommerce,Salesforce
ORD-000652,CUST-0022,SKU-0017,2026-01-26,9,162.0,ecommerce,Salesforce
ORD-000653,CUST-0022,SKU-0050,2026-01-26,12,42.0,rep,SAP
ORD-000654,CUST-0022,SKU-0021,2026-01-26,1,7.2,ecommerce,Salesforce
ORD-000656,CUST-0022,SKU-0012,2026-05-14,4,19.2,ecommerce,Salesforce
ORD-000657,CUST-0022,SKU-0023,2026-07-08,15,202.5,ecommerce,Salesforce
ORD-000659,CUST-0022,SKU-0056,2026-07-08,18,207.0,rep,SAP
ORD-000660,CUST-0022,SKU-0040,2026-07-08,6,29.4,ecommerce,Salesforce
ORD-000661,CUST-0022,SKU-0054,2026-06-28,18,68.4,ecommerce,Salesforce
ORD-000662,CUST-0022,SKU-0055,2026-06-28,10,19.0,ecommerce,Salesforce
ORD-000663,CUST-0022,SKU-0060,2026-06-28,5,22.5,ecommerce,Salesforce
ORD-000664,CUST-0022,SKU-0056,2026-06-28,10,115.0,ecommerce,Salesforce
ORD-000665,CUST-0022,SKU-0019,2026-06-28,18,153.0,ecommerce,Salesforce
ORD-000666,CUST-0022,SKU-0037,2026-05-21,13,40.3,ecommerce,Salesforce
ORD-000667,CUST-0022,SKU-0057,2026-05-21,20,150.0,rep,SAP
ORD-000669,CUST-0022,SKU-0012,2026-05-21,15,72.0,ecommerce,Salesforce
ORD-000670,CUST-0022,SKU-0021,2026-06-21,2,14.4,rep,SAP
ORD-000671,CUST-0022,SKU-0019,2026-06-21,9,76.5,ecommerce,Salesforce
ORD-000672,CUST-0022,SKU-0021,2026-06-21,1,7.2,ecommerce,Salesforce
ORD-000673,CUST-0022,SKU-0046,2026-06-21,15,172.5,ecommerce,Salesforce
ORD-000674,CUST-0023,SKU-0012,2025-10-20,18,86.4,ecommerce,Salesforce
ORD-000676,CUST-0023,SKU-0022,2025-12-13,15,120.0,rep,SAP
ORD-000677,CUST-0023,SKU-0055,2025-12-13,13,24.7,ecommerce,Salesforce
ORD-000678,CUST-0023,SKU-0054,2025-12-13,2,7.6,rep,SAP
ORD-000680,CUST-0023,SKU-0022,2025-10-08,14,112.0,ecommerce,Salesforce
ORD-000681,CUST-0023,SKU-0037,2025-10-08,8,24.8,ecommerce,Salesforce
ORD-000682,CUST-0023,SKU-0034,2026-07-26,3,6.6,ecommerce,Salesforce
ORD-000683,CUST-0023,SKU-0011,2026-07-26,2,6.4,ecommerce,Salesforce
ORD-000685,CUST-0023,SKU-0049,2026-07-26,12,93.6,rep,SAP
ORD-000686,CUST-0023,SKU-0013,2025-11-13,9,26.1,rep,SAP
ORD-000687,CUST-0023,SKU-0018,2026-03-19,7,42.0,ecommerce,Salesforce
ORD-000688,CUST-0023,SKU-0045,2026-03-19,20,130.0,rep,SAP
ORD-000689,CUST-0023,SKU-0055,2026-03-19,10,19.0,rep,SAP
ORD-000691,CUST-0023,SKU-0014,2026-03-19,11,60.5,rep,SAP
ORD-000692,CUST-0023,SKU-0018,2026-05-09,18,108.0,ecommerce,Salesforce
ORD-000693,CUST-0023,SKU-0012,2026-05-09,4,19.2,ecommerce,Salesforce
ORD-000694,CUST-0023,SKU-0009,2026-05-09,6,57.0,rep,SAP
ORD-000695,CUST-0023,SKU-0019,2026-05-09,19,161.5,ecommerce,Salesforce
ORD-000696,CUST-0023,SKU-0017,2026-04-14,2,36.0,ecommerce,Salesforce
ORD-000697,CUST-0023,SKU-0055,2026-04-14,3,5.7,ecommerce,Salesforce
ORD-000698,CUST-0023,SKU-0018,2026-04-14,12,72.0,rep,SAP
ORD-000699,CUST-0023,SKU-0015,2026-04-14,3,19.5,rep,SAP
ORD-000700,CUST-0023,SKU-0015,2026-04-14,4,26.0,rep,SAP
ORD-000701,CUST-0024,SKU-0054,2025-11-13,6,22.8,ecommerce,Salesforce
ORD-000702,CUST-0024,SKU-0050,2025-11-13,19,66.5,ecommerce,Salesforce
ORD-000703,CUST-0024,SKU-0021,2025-11-13,6,43.2,ecommerce,Salesforce
ORD-000705,CUST-0024,SKU-0046,2025-11-13,14,161.0,rep,SAP
ORD-000707,CUST-0024,SKU-0056,2026-01-19,13,149.5,ecommerce,Salesforce
ORD-000708,CUST-0024,SKU-0060,2026-01-19,5,22.5,rep,SAP
ORD-000710,CUST-0024,SKU-0013,2026-01-19,4,11.6,ecommerce,Salesforce
ORD-000711,CUST-0024,SKU-0016,2025-10-16,8,96.0,ecommerce,Salesforce
ORD-000712,CUST-0024,SKU-0016,2025-10-16,3,36.0,rep,SAP
ORD-000713,CUST-0024,SKU-0054,2025-10-16,19,72.2,rep,SAP
ORD-000715,CUST-0024,SKU-0048,2026-07-01,4,24.8,rep,SAP
ORD-000716,CUST-0024,SKU-0015,2026-07-01,13,84.5,ecommerce,Salesforce
ORD-000717,CUST-0024,SKU-0014,2026-01-17,5,27.5,ecommerce,Salesforce
ORD-000718,CUST-0024,SKU-0012,2026-01-17,8,38.4,ecommerce,Salesforce
ORD-000719,CUST-0024,SKU-0012,2026-01-17,16,76.8,ecommerce,Salesforce
ORD-000720,CUST-0024,SKU-0037,2026-01-17,17,52.7,ecommerce,Salesforce
ORD-000721,CUST-0024,SKU-0031,2026-01-17,18,117.0,ecommerce,Salesforce
ORD-000722,CUST-0024,SKU-0040,2026-05-26,8,39.2,ecommerce,Salesforce
ORD-000723,CUST-0024,SKU-0040,2026-05-26,3,14.7,ecommerce,Salesforce
ORD-000724,CUST-0024,SKU-0011,2026-02-10,10,32.0,ecommerce,Salesforce
ORD-000725,CUST-0024,SKU-0052,2026-02-10,15,75.0,ecommerce,Salesforce
ORD-000726,CUST-0024,SKU-0015,2026-02-10,7,45.5,ecommerce,Salesforce
ORD-000728,CUST-0024,SKU-0023,2026-01-01,15,202.5,ecommerce,Salesforce
ORD-000729,CUST-0025,SKU-0057,2026-05-09,9,67.5,ecommerce,Salesforce
ORD-000731,CUST-0025,SKU-0023,2026-05-03,7,94.5,rep,SAP
ORD-000732,CUST-0025,SKU-0020,2025-09-03,13,182.0,ecommerce,Salesforce
ORD-000734,CUST-0025,SKU-0037,2025-09-03,17,52.7,rep,SAP
ORD-000735,CUST-0025,SKU-0040,2025-09-03,3,14.7,ecommerce,Salesforce
ORD-000736,CUST-0025,SKU-0002,2026-03-29,2,9.6,ecommerce,Salesforce
ORD-000737,CUST-0025,SKU-0013,2026-03-29,1,2.9,ecommerce,Salesforce
ORD-000738,CUST-0025,SKU-0060,2026-03-29,9,40.5,rep,SAP
ORD-000740,CUST-0025,SKU-0048,2026-03-29,5,31.0,ecommerce,Salesforce
ORD-000741,CUST-0025,SKU-0044,2026-07-20,8,71.2,ecommerce,Salesforce
ORD-000742,CUST-0025,SKU-0046,2026-07-20,15,172.5,ecommerce,Salesforce
ORD-000743,CUST-0025,SKU-0054,2026-07-20,7,26.6,rep,SAP
ORD-000745,CUST-0025,SKU-0042,2026-07-20,19,136.8,rep,SAP
ORD-000747,CUST-0025,SKU-0049,2026-05-19,11,85.8,rep,SAP
ORD-000748,CUST-0025,SKU-0045,2026-05-19,5,32.5,rep,SAP
ORD-000749,CUST-0025,SKU-0040,2026-05-19,9,44.1,ecommerce,Salesforce
ORD-000750,CUST-0025,SKU-0019,2026-05-19,12,102.0,ecommerce,Salesforce
ORD-000751,CUST-0025,SKU-0031,2025-10-14,12,78.0,ecommerce,Salesforce
ORD-000752,CUST-0025,SKU-0022,2025-10-14,8,64.0,ecommerce,Salesforce
ORD-000756,CUST-0025,SKU-0039,2026-03-13,13,41.6,rep,SAP
ORD-000757,CUST-0025,SKU-0037,2026-03-13,20,62.0,ecommerce,Salesforce
ORD-000758,CUST-0025,SKU-0003,2026-03-13,17,66.3,ecommerce,Salesforce
ORD-000759,CUST-0025,SKU-0057,2026-03-13,8,60.0,ecommerce,Salesforce
ORD-000760,CUST-0025,SKU-0015,2025-08-27,7,45.5,ecommerce,Salesforce
ORD-000761,CUST-0025,SKU-0056,2025-08-27,6,69.0,ecommerce,Salesforce
ORD-000762,CUST-0025,SKU-0016,2025-08-27,15,180.0,rep,SAP
ORD-000764,CUST-0025,SKU-0037,2025-08-27,14,43.4,ecommerce,Salesforce
ORD-000765,CUST-0025,SKU-0058,2026-03-27,7,36.4,rep,SAP
ORD-000766,CUST-0025,SKU-0054,2026-03-27,6,22.8,rep,SAP
ORD-000767,CUST-0025,SKU-0046,2026-03-27,3,34.5,ecommerce,Salesforce
ORD-000768,CUST-0025,SKU-0033,2026-03-27,20,90.0,rep,SAP
ORD-000770,CUST-0025,SKU-0015,2025-10-29,14,91.0,ecommerce,Salesforce
ORD-000771,CUST-0025,SKU-0019,2025-10-29,6,51.0,ecommerce,Salesforce
ORD-000772,CUST-0025,SKU-0011,2025-11-18,15,48.0,ecommerce,Salesforce
ORD-000773,CUST-0025,SKU-0016,2025-08-09,7,84.0,ecommerce,Salesforce
ORD-000774,CUST-0025,SKU-0019,2025-08-09,8,68.0,rep,SAP
ORD-000775,CUST-0025,SKU-0019,2025-08-09,6,51.0,ecommerce,Salesforce
ORD-000776,CUST-0025,SKU-0023,2025-08-09,11,148.5,rep,SAP
ORD-000777,CUST-0025,SKU-0021,2025-08-09,10,72.0,ecommerce,Salesforce
ORD-000778,CUST-0026,SKU-0046,2026-05-27,2,23.0,ecommerce,Salesforce
ORD-000779,CUST-0026,SKU-0012,2026-05-27,14,67.2,rep,SAP
ORD-000780,CUST-0026,SKU-0023,2026-05-27,11,148.5,ecommerce,Salesforce
ORD-000783,CUST-0026,SKU-0045,2026-01-01,17,110.5,ecommerce,Salesforce
ORD-000784,CUST-0026,SKU-0040,2026-01-01,19,93.1,ecommerce,Salesforce
ORD-000785,CUST-0026,SKU-0022,2026-01-01,10,80.0,rep,SAP
ORD-000786,CUST-0026,SKU-0057,2026-01-01,4,30.0,rep,SAP
ORD-000787,CUST-0026,SKU-0046,2026-06-18,18,207.0,rep,SAP
ORD-000788,CUST-0026,SKU-0017,2026-06-18,9,162.0,rep,SAP
ORD-000789,CUST-0026,SKU-0011,2026-06-18,4,12.8,ecommerce,Salesforce
ORD-000790,CUST-0026,SKU-0040,2026-06-18,1,4.9,rep,SAP
ORD-000791,CUST-0026,SKU-0052,2026-01-27,2,10.0,ecommerce,Salesforce
ORD-000792,CUST-0026,SKU-0017,2026-01-27,15,270.0,rep,SAP
ORD-000793,CUST-0026,SKU-0054,2026-01-27,17,64.6,ecommerce,Salesforce
ORD-000794,CUST-0026,SKU-0015,2026-01-27,7,45.5,ecommerce,Salesforce
ORD-000795,CUST-0026,SKU-0018,2026-02-04,1,6.0,ecommerce,Salesforce
ORD-000796,CUST-0026,SKU-0013,2026-05-07,20,58.0,ecommerce,Salesforce
ORD-000797,CUST-0026,SKU-0011,2026-05-07,9,28.8,ecommerce,Salesforce
ORD-000798,CUST-0026,SKU-0014,2025-12-06,17,93.5,ecommerce,Salesforce
ORD-000799,CUST-0026,SKU-0050,2025-12-06,7,24.5,rep,SAP
ORD-000800,CUST-0026,SKU-0013,2025-12-06,7,20.3,ecommerce,Salesforce
ORD-000802,CUST-0026,SKU-0022,2026-05-02,2,16.0,ecommerce,Salesforce
ORD-000803,CUST-0026,SKU-0023,2026-05-02,2,27.0,ecommerce,Salesforce
ORD-000804,CUST-0026,SKU-0020,2025-09-20,17,238.0,rep,SAP
ORD-000805,CUST-0026,SKU-0014,2025-09-20,11,60.5,ecommerce,Salesforce
ORD-000806,CUST-0026,SKU-0012,2025-09-20,9,43.2,ecommerce,Salesforce
ORD-000807,CUST-0026,SKU-0022,2025-08-14,18,144.0,ecommerce,Salesforce
ORD-000808,CUST-0026,SKU-0057,2025-08-14,10,75.0,ecommerce,Salesforce
ORD-000809,CUST-0026,SKU-0056,2025-08-14,2,23.0,ecommerce,Salesforce
ORD-000810,CUST-0026,SKU-0037,2025-08-14,2,6.2,ecommerce,Salesforce
ORD-000811,CUST-0026,SKU-0058,2025-08-14,19,98.8,ecommerce,Salesforce
ORD-000814,CUST-0026,SKU-0055,2026-03-23,10,19.0,ecommerce,Salesforce
ORD-000815,CUST-0026,SKU-0022,2026-03-23,5,40.0,rep,SAP
ORD-000816,CUST-0026,SKU-0026,2026-03-23,6,37.2,ecommerce,Salesforce
ORD-000817,CUST-0026,SKU-0055,2026-01-20,4,7.6,ecommerce,Salesforce
ORD-000819,CUST-0026,SKU-0021,2026-01-20,18,129.6,ecommerce,Salesforce
ORD-000820,CUST-0026,SKU-0048,2026-01-20,8,49.6,ecommerce,Salesforce
ORD-000821,CUST-0027,SKU-0040,2026-02-19,14,68.6,rep,SAP
ORD-000822,CUST-0027,SKU-0020,2026-01-29,19,266.0,rep,SAP
ORD-000824,CUST-0027,SKU-0037,2026-01-29,11,34.1,ecommerce,Salesforce
ORD-000825,CUST-0027,SKU-0019,2026-01-29,5,42.5,ecommerce,Salesforce
ORD-000826,CUST-0027,SKU-0040,2026-01-29,15,73.5,ecommerce,Salesforce
ORD-000828,CUST-0027,SKU-0038,2026-01-16,1,5.5,ecommerce,Salesforce
ORD-000830,CUST-0027,SKU-0053,2025-09-03,12,50.4,ecommerce,Salesforce
ORD-000831,CUST-0027,SKU-0018,2025-08-22,11,66.0,rep,SAP
ORD-000832,CUST-0027,SKU-0021,2025-08-22,16,115.2,ecommerce,Salesforce
ORD-000833,CUST-0027,SKU-0016,2026-02-07,5,60.0,ecommerce,Salesforce
ORD-000834,CUST-0027,SKU-0048,2026-02-07,5,31.0,ecommerce,Salesforce
ORD-000835,CUST-0027,SKU-0048,2026-02-07,20,124.0,ecommerce,Salesforce
ORD-000836,CUST-0027,SKU-0048,2026-02-07,12,74.4,ecommerce,Salesforce
ORD-000838,CUST-0027,SKU-0019,2025-08-10,19,161.5,ecommerce,Salesforce
ORD-000839,CUST-0027,SKU-0015,2025-08-10,5,32.5,rep,SAP
ORD-000840,CUST-0027,SKU-0049,2025-08-10,9,70.2,ecommerce,Salesforce
ORD-000841,CUST-0027,SKU-0006,2025-08-10,8,17.6,ecommerce,Salesforce
ORD-000842,CUST-0027,SKU-0057,2026-07-15,19,142.5,ecommerce,Salesforce
ORD-000843,CUST-0027,SKU-0031,2026-01-29,15,97.5,ecommerce,Salesforce
ORD-000844,CUST-0027,SKU-0027,2026-01-29,12,50.4,rep,SAP
ORD-000845,CUST-0027,SKU-0023,2026-01-29,19,256.5,ecommerce,Salesforce
ORD-000846,CUST-0027,SKU-0015,2026-01-29,10,65.0,rep,SAP
ORD-000847,CUST-0027,SKU-0021,2026-01-29,17,122.4,ecommerce,Salesforce
ORD-000848,CUST-0027,SKU-0045,2025-12-14,1,6.5,rep,SAP
ORD-000849,CUST-0027,SKU-0048,2025-12-14,5,31.0,ecommerce,Salesforce
ORD-000850,CUST-0027,SKU-0016,2025-11-04,16,192.0,ecommerce,Salesforce
ORD-000851,CUST-0027,SKU-0021,2025-11-04,20,144.0,rep,SAP
ORD-000852,CUST-0027,SKU-0048,2025-11-04,8,49.6,ecommerce,Salesforce
ORD-000853,CUST-0028,SKU-0023,2025-11-22,2,27.0,ecommerce,Salesforce
ORD-000854,CUST-0028,SKU-0055,2025-11-22,13,24.7,ecommerce,Salesforce
ORD-000855,CUST-0028,SKU-0060,2025-11-22,18,81.0,ecommerce,Salesforce
ORD-000856,CUST-0028,SKU-0013,2025-11-22,17,49.3,rep,SAP
ORD-000858,CUST-0028,SKU-0054,2026-07-22,12,45.6,rep,SAP
ORD-000859,CUST-0028,SKU-0012,2026-07-06,9,43.2,ecommerce,Salesforce
ORD-000860,CUST-0028,SKU-0048,2026-07-06,8,49.6,rep,SAP
ORD-000861,CUST-0028,SKU-0013,2026-07-06,11,31.9,ecommerce,Salesforce
ORD-000862,CUST-0028,SKU-0015,2025-09-10,15,97.5,ecommerce,Salesforce
ORD-000863,CUST-0028,SKU-0015,2025-12-13,2,13.0,rep,SAP
ORD-000864,CUST-0028,SKU-0039,2025-12-13,4,12.8,rep,SAP
ORD-000865,CUST-0028,SKU-0040,2026-06-12,6,29.4,rep,SAP
ORD-000866,CUST-0028,SKU-0012,2026-06-12,15,72.0,rep,SAP
ORD-000867,CUST-0028,SKU-0023,2026-03-13,2,27.0,ecommerce,Salesforce
ORD-000869,CUST-0028,SKU-0013,2026-03-13,16,46.4,ecommerce,Salesforce
ORD-000870,CUST-0028,SKU-0055,2026-03-15,9,17.1,ecommerce,Salesforce
ORD-000871,CUST-0028,SKU-0056,2026-03-15,1,11.5,rep,SAP
ORD-000872,CUST-0028,SKU-0043,2026-06-30,13,44.2,ecommerce,Salesforce
ORD-000873,CUST-0029,SKU-0056,2026-05-28,14,161.0,ecommerce,Salesforce
ORD-000876,CUST-0029,SKU-0046,2025-09-11,3,34.5,rep,SAP
ORD-000877,CUST-0029,SKU-0021,2025-09-11,18,129.6,ecommerce,Salesforce
ORD-000878,CUST-0029,SKU-0018,2025-09-11,4,24.0,ecommerce,Salesforce
ORD-000879,CUST-0029,SKU-0009,2025-09-19,2,19.0,ecommerce,Salesforce
ORD-000880,CUST-0029,SKU-0048,2025-09-19,3,18.6,rep,SAP
ORD-000881,CUST-0029,SKU-0011,2025-09-19,2,6.4,ecommerce,Salesforce
ORD-000882,CUST-0029,SKU-0026,2025-09-19,4,24.8,ecommerce,Salesforce
ORD-000883,CUST-0029,SKU-0056,2026-05-01,18,207.0,ecommerce,Salesforce
ORD-000884,CUST-0029,SKU-0003,2026-05-01,5,19.5,ecommerce,Salesforce
ORD-000885,CUST-0029,SKU-0040,2026-05-01,2,9.8,ecommerce,Salesforce
ORD-000886,CUST-0029,SKU-0015,2026-05-01,10,65.0,rep,SAP
ORD-000887,CUST-0029,SKU-0005,2026-06-15,4,13.6,ecommerce,Salesforce
ORD-000890,CUST-0029,SKU-0049,2026-07-20,2,15.6,ecommerce,Salesforce
ORD-000891,CUST-0029,SKU-0037,2026-07-20,6,18.6,ecommerce,Salesforce
ORD-000893,CUST-0029,SKU-0002,2026-06-16,16,76.8,ecommerce,Salesforce
ORD-000894,CUST-0029,SKU-0046,2026-06-16,19,218.5,rep,SAP
ORD-000895,CUST-0029,SKU-0050,2026-06-16,16,56.0,ecommerce,Salesforce
ORD-000896,CUST-0029,SKU-0018,2026-06-16,14,84.0,ecommerce,Salesforce
ORD-000897,CUST-0029,SKU-0018,2026-07-27,20,120.0,rep,SAP
ORD-000898,CUST-0029,SKU-0016,2026-01-08,7,84.0,ecommerce,Salesforce
ORD-000899,CUST-0029,SKU-0014,2026-01-08,15,82.5,rep,SAP
ORD-000901,CUST-0029,SKU-0015,2026-04-06,2,13.0,ecommerce,Salesforce
ORD-000902,CUST-0029,SKU-0056,2026-04-06,2,23.0,ecommerce,Salesforce
ORD-000903,CUST-0029,SKU-0019,2026-04-06,16,136.0,ecommerce,Salesforce
ORD-000904,CUST-0029,SKU-0046,2026-04-06,14,161.0,ecommerce,Salesforce
ORD-000905,CUST-0029,SKU-0021,2026-01-20,8,57.6,ecommerce,Salesforce
ORD-000906,CUST-0029,SKU-0025,2026-01-20,8,28.0,ecommerce,Salesforce
ORD-000907,CUST-0030,SKU-0018,2026-03-18,6,36.0,ecommerce,Salesforce
ORD-000908,CUST-0030,SKU-0041,2026-03-18,12,54.0,rep,SAP
ORD-000909,CUST-0030,SKU-0023,2025-10-11,5,67.5,ecommerce,Salesforce
ORD-000910,CUST-0030,SKU-0015,2026-03-09,10,65.0,ecommerce,Salesforce
ORD-000913,CUST-0030,SKU-0018,2025-09-20,8,48.0,ecommerce,Salesforce
ORD-000914,CUST-0030,SKU-0016,2025-09-20,19,228.0,rep,SAP
ORD-000915,CUST-0030,SKU-0011,2025-09-20,14,44.8,ecommerce,Salesforce
ORD-000916,CUST-0030,SKU-0020,2026-07-29,18,252.0,rep,SAP
ORD-000917,CUST-0030,SKU-0014,2026-03-03,3,16.5,ecommerce,Salesforce
ORD-000918,CUST-0030,SKU-0011,2026-03-03,15,48.0,ecommerce,Salesforce
ORD-000919,CUST-0030,SKU-0056,2026-08-02,1,11.5,rep,SAP
ORD-000920,CUST-0030,SKU-0022,2026-08-02,17,136.0,ecommerce,Salesforce
ORD-000921,CUST-0030,SKU-0040,2026-08-02,19,93.1,rep,SAP
ORD-000922,CUST-0030,SKU-0011,2026-08-02,17,54.4,rep,SAP
ORD-000923,CUST-0030,SKU-0011,2025-09-02,12,38.4,ecommerce,Salesforce
ORD-000924,CUST-0031,SKU-0014,2025-09-10,5,27.5,rep,SAP
ORD-000926,CUST-0031,SKU-0045,2025-09-10,2,13.0,ecommerce,Salesforce
ORD-000927,CUST-0031,SKU-0057,2025-09-10,4,30.0,ecommerce,Salesforce
ORD-000928,CUST-0031,SKU-0058,2025-09-10,10,52.0,ecommerce,Salesforce
ORD-000929,CUST-0031,SKU-0012,2026-07-17,3,14.4,ecommerce,Salesforce
ORD-000930,CUST-0031,SKU-0021,2025-09-15,16,115.2,ecommerce,Salesforce
ORD-000931,CUST-0031,SKU-0040,2026-06-24,5,24.5,ecommerce,Salesforce
ORD-000932,CUST-0031,SKU-0019,2026-07-03,8,68.0,rep,SAP
ORD-000933,CUST-0031,SKU-0054,2026-01-25,11,41.8,ecommerce,Salesforce
ORD-000934,CUST-0031,SKU-0018,2026-01-25,15,90.0,ecommerce,Salesforce
ORD-000935,CUST-0031,SKU-0011,2026-01-25,9,28.8,ecommerce,Salesforce
ORD-000938,CUST-0031,SKU-0057,2026-06-19,5,37.5,ecommerce,Salesforce
ORD-000939,CUST-0031,SKU-0046,2026-01-16,6,69.0,ecommerce,Salesforce
ORD-000941,CUST-0031,SKU-0019,2026-01-16,13,110.5,rep,SAP
ORD-000943,CUST-0031,SKU-0017,2026-01-16,10,180.0,ecommerce,Salesforce
ORD-000944,CUST-0031,SKU-0047,2026-05-27,15,192.0,ecommerce,Salesforce
ORD-000945,CUST-0031,SKU-0021,2026-05-27,18,129.6,ecommerce,Salesforce
ORD-000946,CUST-0031,SKU-0034,2026-06-19,2,4.4,ecommerce,Salesforce
ORD-000948,CUST-0031,SKU-0026,2026-07-19,7,43.4,ecommerce,Salesforce
ORD-000950,CUST-0031,SKU-0046,2026-02-12,12,138.0,ecommerce,Salesforce
ORD-000951,CUST-0031,SKU-0055,2026-02-12,14,26.6,rep,SAP
ORD-000952,CUST-0031,SKU-0058,2026-02-12,14,72.8,rep,SAP
ORD-000953,CUST-0031,SKU-0039,2026-02-12,3,9.6,ecommerce,Salesforce
ORD-000954,CUST-0032,SKU-0038,2026-01-25,13,71.5,ecommerce,Salesforce
ORD-000955,CUST-0032,SKU-0013,2025-12-24,7,20.3,ecommerce,Salesforce
ORD-000956,CUST-0032,SKU-0023,2025-12-24,19,256.5,ecommerce,Salesforce
ORD-000959,CUST-0032,SKU-0054,2026-03-08,8,30.4,ecommerce,Salesforce
ORD-000960,CUST-0032,SKU-0034,2026-03-08,19,41.8,ecommerce,Salesforce
ORD-000961,CUST-0032,SKU-0053,2025-12-17,4,16.8,ecommerce,Salesforce
ORD-000962,CUST-0032,SKU-0013,2025-12-17,19,55.1,ecommerce,Salesforce
ORD-000963,CUST-0032,SKU-0009,2025-12-17,12,114.0,ecommerce,Salesforce
ORD-000964,CUST-0032,SKU-0011,2025-12-17,10,32.0,ecommerce,Salesforce
ORD-000965,CUST-0032,SKU-0016,2025-09-15,4,48.0,ecommerce,Salesforce
ORD-000966,CUST-0032,SKU-0045,2025-09-15,9,58.5,ecommerce,Salesforce
ORD-000967,CUST-0032,SKU-0017,2025-09-15,5,90.0,ecommerce,Salesforce
ORD-000968,CUST-0032,SKU-0048,2025-09-15,11,68.2,rep,SAP
ORD-000969,CUST-0032,SKU-0016,2025-09-15,7,84.0,rep,SAP
ORD-000971,CUST-0032,SKU-0020,2026-07-26,5,70.0,rep,SAP
ORD-000972,CUST-0032,SKU-0013,2026-07-26,15,43.5,rep,SAP
ORD-000973,CUST-0032,SKU-0022,2026-07-26,6,48.0,rep,SAP
ORD-000974,CUST-0032,SKU-0015,2026-07-26,5,32.5,rep,SAP
ORD-000975,CUST-0032,SKU-0020,2025-12-01,14,196.0,ecommerce,Salesforce
ORD-000976,CUST-0032,SKU-0048,2025-12-01,2,12.4,ecommerce,Salesforce
ORD-000977,CUST-0032,SKU-0015,2025-12-01,16,104.0,ecommerce,Salesforce
ORD-000979,CUST-0032,SKU-0011,2025-09-09,3,9.6,ecommerce,Salesforce
ORD-000980,CUST-0032,SKU-0017,2025-09-09,12,216.0,ecommerce,Salesforce
ORD-000981,CUST-0032,SKU-0020,2026-06-16,19,266.0,rep,SAP
ORD-000982,CUST-0032,SKU-0019,2026-06-16,6,51.0,rep,SAP
ORD-000983,CUST-0032,SKU-0055,2025-09-26,16,30.4,ecommerce,Salesforce
ORD-000984,CUST-0032,SKU-0021,2025-09-26,12,86.4,rep,SAP
ORD-000985,CUST-0032,SKU-0012,2026-04-27,15,72.0,ecommerce,Salesforce
ORD-000986,CUST-0032,SKU-0046,2026-04-27,10,115.0,ecommerce,Salesforce
ORD-000987,CUST-0032,SKU-0056,2026-01-21,20,230.0,rep,SAP
ORD-000990,CUST-0032,SKU-0037,2026-01-21,15,46.5,ecommerce,Salesforce
ORD-000992,CUST-0033,SKU-0025,2025-10-19,8,28.0,rep,SAP
ORD-000993,CUST-0033,SKU-0033,2025-10-19,12,54.0,ecommerce,Salesforce
ORD-000994,CUST-0033,SKU-0036,2025-10-19,9,29.7,ecommerce,Salesforce
ORD-000995,CUST-0033,SKU-0047,2025-10-08,5,64.0,ecommerce,Salesforce
ORD-000996,CUST-0033,SKU-0032,2025-10-08,1,3.6,rep,SAP
ORD-000997,CUST-0033,SKU-0003,2025-10-08,20,78.0,ecommerce,Salesforce
ORD-000998,CUST-0033,SKU-0051,2026-07-11,15,63.0,ecommerce,Salesforce
ORD-000999,CUST-0033,SKU-0036,2026-07-11,11,36.3,rep,SAP
ORD-001000,CUST-0033,SKU-0041,2026-07-11,4,18.0,ecommerce,Salesforce
ORD-001001,CUST-0033,SKU-0024,2026-07-11,2,7.0,ecommerce,Salesforce
ORD-001002,CUST-0033,SKU-0057,2026-07-11,6,45.0,ecommerce,Salesforce
ORD-001003,CUST-0033,SKU-0037,2026-02-22,16,49.6,ecommerce,Salesforce
ORD-001004,CUST-0033,SKU-0036,2026-02-22,6,19.8,ecommerce,Salesforce
ORD-001005,CUST-0033,SKU-0044,2026-02-22,12,106.8,rep,SAP
ORD-001006,CUST-0033,SKU-0002,2026-02-22,12,57.6,ecommerce,Salesforce
ORD-001007,CUST-0033,SKU-0032,2025-08-20,12,43.2,ecommerce,Salesforce
ORD-001009,CUST-0033,SKU-0025,2025-08-20,11,38.5,ecommerce,Salesforce
ORD-001010,CUST-0033,SKU-0044,2025-08-26,17,151.3,rep,SAP
ORD-001011,CUST-0033,SKU-0003,2025-08-26,13,50.7,ecommerce,Salesforce
ORD-001012,CUST-0033,SKU-0025,2025-08-26,7,24.5,ecommerce,Salesforce
ORD-001013,CUST-0033,SKU-0022,2025-08-26,6,48.0,ecommerce,Salesforce
ORD-001014,CUST-0033,SKU-0059,2026-03-18,18,36.0,ecommerce,Salesforce
ORD-001015,CUST-0033,SKU-0027,2026-03-18,20,84.0,rep,SAP
ORD-001016,CUST-0033,SKU-0025,2026-05-30,19,66.5,rep,SAP
ORD-001017,CUST-0034,SKU-0036,2026-01-31,10,33.0,ecommerce,Salesforce
ORD-001018,CUST-0034,SKU-0036,2025-11-17,6,19.8,rep,SAP
ORD-001020,CUST-0034,SKU-0030,2025-11-17,9,20.7,rep,SAP
ORD-001021,CUST-0034,SKU-0044,2025-11-17,2,17.8,ecommerce,Salesforce
ORD-001023,CUST-0034,SKU-0059,2025-10-21,14,28.0,ecommerce,Salesforce
ORD-001024,CUST-0034,SKU-0041,2025-10-28,8,36.0,ecommerce,Salesforce
ORD-001025,CUST-0034,SKU-0035,2025-10-28,16,36.8,ecommerce,Salesforce
ORD-001026,CUST-0034,SKU-0002,2025-10-28,6,28.8,ecommerce,Salesforce
ORD-001027,CUST-0034,SKU-0047,2025-12-27,16,204.8,rep,SAP
ORD-001028,CUST-0034,SKU-0021,2025-12-27,20,144.0,ecommerce,Salesforce
ORD-001030,CUST-0034,SKU-0002,2025-12-27,4,19.2,ecommerce,Salesforce
ORD-001031,CUST-0034,SKU-0035,2025-12-27,3,6.9,ecommerce,Salesforce
ORD-001032,CUST-0034,SKU-0048,2026-01-14,13,80.6,rep,SAP
ORD-001033,CUST-0034,SKU-0014,2026-01-14,5,27.5,ecommerce,Salesforce
ORD-001034,CUST-0034,SKU-0028,2026-01-14,19,98.8,ecommerce,Salesforce
ORD-001037,CUST-0034,SKU-0047,2025-10-20,8,102.4,ecommerce,Salesforce
ORD-001041,CUST-0035,SKU-0027,2026-01-06,2,8.4,ecommerce,Salesforce
ORD-001043,CUST-0035,SKU-0053,2026-04-15,6,25.2,ecommerce,Salesforce
ORD-001044,CUST-0035,SKU-0035,2026-04-15,1,2.3,rep,SAP
ORD-001045,CUST-0035,SKU-0026,2026-04-15,1,6.2,ecommerce,Salesforce
ORD-001046,CUST-0035,SKU-0002,2026-01-14,17,81.6,rep,SAP
ORD-001047,CUST-0035,SKU-0059,2026-01-14,20,40.0,ecommerce,Salesforce
ORD-001048,CUST-0035,SKU-0026,2026-01-14,9,55.8,ecommerce,Salesforce
ORD-001049,CUST-0035,SKU-0027,2026-01-14,3,12.6,ecommerce,Salesforce
ORD-001054,CUST-0035,SKU-0025,2026-05-19,8,28.0,rep,SAP
ORD-001055,CUST-0035,SKU-0051,2026-05-19,9,37.8,ecommerce,Salesforce
ORD-001056,CUST-0035,SKU-0039,2025-10-12,7,22.4,rep,SAP
ORD-001057,CUST-0035,SKU-0026,2025-10-12,14,86.8,rep,SAP
ORD-001058,CUST-0035,SKU-0016,2025-10-12,20,240.0,ecommerce,Salesforce
ORD-001060,CUST-0035,SKU-0033,2026-07-27,20,90.0,ecommerce,Salesforce
ORD-001063,CUST-0035,SKU-0028,2026-07-27,13,67.6,ecommerce,Salesforce
ORD-001064,CUST-0035,SKU-0026,2026-05-20,17,105.4,ecommerce,Salesforce
ORD-001065,CUST-0035,SKU-0026,2026-04-03,9,55.8,ecommerce,Salesforce
ORD-001067,CUST-0035,SKU-0026,2026-06-16,11,68.2,rep,SAP
ORD-001068,CUST-0035,SKU-0036,2026-06-16,15,49.5,ecommerce,Salesforce
ORD-001069,CUST-0035,SKU-0041,2026-06-16,9,40.5,ecommerce,Salesforce
ORD-001070,CUST-0036,SKU-0035,2026-04-17,16,36.8,ecommerce,Salesforce
ORD-001071,CUST-0036,SKU-0059,2025-10-21,10,20.0,ecommerce,Salesforce
ORD-001072,CUST-0036,SKU-0043,2026-04-24,1,3.4,ecommerce,Salesforce
ORD-001075,CUST-0036,SKU-0035,2026-01-19,15,34.5,ecommerce,Salesforce
ORD-001076,CUST-0036,SKU-0024,2026-01-19,20,70.0,rep,SAP
ORD-001077,CUST-0036,SKU-0059,2026-05-25,10,20.0,ecommerce,Salesforce
ORD-001078,CUST-0036,SKU-0025,2026-05-25,13,45.5,ecommerce,Salesforce
ORD-001079,CUST-0036,SKU-0002,2026-02-27,13,62.4,rep,SAP
ORD-001080,CUST-0036,SKU-0033,2026-07-07,10,45.0,rep,SAP
ORD-001081,CUST-0036,SKU-0059,2026-07-07,12,24.0,ecommerce,Salesforce
ORD-001082,CUST-0036,SKU-0025,2026-02-21,14,49.0,rep,SAP
ORD-001084,CUST-0036,SKU-0041,2026-02-21,17,76.5,ecommerce,Salesforce
ORD-001087,CUST-0037,SKU-0033,2026-01-07,4,18.0,ecommerce,Salesforce
ORD-001088,CUST-0037,SKU-0059,2025-12-14,17,34.0,ecommerce,Salesforce
ORD-001089,CUST-0037,SKU-0059,2025-12-14,13,26.0,ecommerce,Salesforce
ORD-001090,CUST-0037,SKU-0021,2025-12-14,19,136.8,rep,SAP
ORD-001091,CUST-0037,SKU-0022,2026-03-25,6,48.0,ecommerce,Salesforce
ORD-001092,CUST-0037,SKU-0017,2026-03-25,4,72.0,ecommerce,Salesforce
ORD-001093,CUST-0037,SKU-0002,2026-03-25,16,76.8,ecommerce,Salesforce
ORD-001094,CUST-0037,SKU-0028,2026-03-25,20,104.0,rep,SAP
ORD-001095,CUST-0037,SKU-0028,2026-03-25,3,15.6,ecommerce,Salesforce
ORD-001096,CUST-0037,SKU-0059,2025-10-03,1,2.0,ecommerce,Salesforce
ORD-001097,CUST-0037,SKU-0001,2026-07-05,10,45.0,rep,SAP
ORD-001098,CUST-0037,SKU-0002,2026-07-05,5,24.0,rep,SAP
ORD-001099,CUST-0037,SKU-0044,2026-04-12,8,71.2,ecommerce,Salesforce
ORD-001100,CUST-0037,SKU-0004,2026-04-12,11,35.2,ecommerce,Salesforce
ORD-001101,CUST-0037,SKU-0027,2026-04-12,16,67.2,rep,SAP
ORD-001102,CUST-0037,SKU-0024,2026-04-12,16,56.0,ecommerce,Salesforce
ORD-001103,CUST-0037,SKU-0043,2026-06-16,1,3.4,ecommerce,Salesforce
ORD-001105,CUST-0037,SKU-0024,2026-06-16,6,21.0,ecommerce,Salesforce
ORD-001106,CUST-0037,SKU-0043,2026-06-16,8,27.2,ecommerce,Salesforce
ORD-001107,CUST-0037,SKU-0033,2026-06-11,14,63.0,rep,SAP
ORD-001109,CUST-0037,SKU-0025,2026-06-11,16,56.0,ecommerce,Salesforce
ORD-001110,CUST-0037,SKU-0059,2026-06-11,14,28.0,rep,SAP
ORD-001111,CUST-0037,SKU-0003,2025-12-05,9,35.1,ecommerce,Salesforce
ORD-001112,CUST-0037,SKU-0058,2025-12-05,17,88.4,ecommerce,Salesforce
ORD-001115,CUST-0037,SKU-0041,2026-04-27,15,67.5,rep,SAP
ORD-001117,CUST-0037,SKU-0043,2026-04-27,4,13.6,ecommerce,Salesforce
ORD-001118,CUST-0037,SKU-0026,2026-04-27,10,62.0,rep,SAP
ORD-001119,CUST-0037,SKU-0002,2026-04-27,12,57.6,ecommerce,Salesforce
ORD-001121,CUST-0037,SKU-0001,2025-11-18,9,40.5,ecommerce,Salesforce
ORD-001122,CUST-0037,SKU-0002,2025-11-18,17,81.6,ecommerce,Salesforce
ORD-001124,CUST-0038,SKU-0029,2026-07-22,5,11.5,rep,SAP
ORD-001126,CUST-0038,SKU-0041,2026-07-22,2,9.0,ecommerce,Salesforce
ORD-001127,CUST-0038,SKU-0046,2026-05-28,17,195.5,rep,SAP
ORD-001128,CUST-0038,SKU-0047,2026-07-21,11,140.8,rep,SAP
ORD-001129,CUST-0038,SKU-0047,2026-07-21,13,166.4,ecommerce,Salesforce
ORD-001131,CUST-0038,SKU-0033,2026-07-21,5,22.5,ecommerce,Salesforce
ORD-001132,CUST-0038,SKU-0036,2026-07-21,11,36.3,rep,SAP
ORD-001134,CUST-0038,SKU-0059,2025-08-21,12,24.0,ecommerce,Salesforce
ORD-001135,CUST-0038,SKU-0041,2025-08-21,10,45.0,ecommerce,Salesforce
ORD-001137,CUST-0038,SKU-0003,2025-08-21,10,39.0,ecommerce,Salesforce
ORD-001138,CUST-0038,SKU-0034,2026-05-27,8,17.6,ecommerce,Salesforce
ORD-001139,CUST-0038,SKU-0035,2026-05-27,4,9.2,ecommerce,Salesforce
ORD-001140,CUST-0038,SKU-0026,2026-03-05,16,99.2,ecommerce,Salesforce
ORD-001141,CUST-0038,SKU-0028,2026-07-19,19,98.8,ecommerce,Salesforce
ORD-001142,CUST-0038,SKU-0033,2026-07-19,6,27.0,ecommerce,Salesforce
ORD-001143,CUST-0038,SKU-0009,2026-07-19,17,161.5,rep,SAP
ORD-001144,CUST-0038,SKU-0024,2026-07-19,6,21.0,rep,SAP
ORD-001145,CUST-0038,SKU-0039,2026-07-19,14,44.8,ecommerce,Salesforce
ORD-001146,CUST-0038,SKU-0003,2026-01-02,10,39.0,rep,SAP
ORD-001148,CUST-0038,SKU-0024,2026-01-10,4,14.0,ecommerce,Salesforce
ORD-001150,CUST-0038,SKU-0031,2026-01-10,20,130.0,ecommerce,Salesforce
ORD-001151,CUST-0038,SKU-0043,2026-06-28,15,51.0,ecommerce,Salesforce
ORD-001152,CUST-0038,SKU-0033,2026-06-28,8,36.0,rep,SAP
ORD-001153,CUST-0038,SKU-0028,2026-06-28,3,15.6,rep,SAP
ORD-001154,CUST-0038,SKU-0036,2026-06-28,4,13.2,ecommerce,Salesforce
ORD-001155,CUST-0038,SKU-0043,2026-06-19,17,57.8,ecommerce,Salesforce
ORD-001156,CUST-0038,SKU-0008,2026-06-19,18,37.8,ecommerce,Salesforce
ORD-001159,CUST-0038,SKU-0041,2026-06-19,1,4.5,rep,SAP
ORD-001160,CUST-0039,SKU-0035,2025-09-22,6,13.8,ecommerce,Salesforce
ORD-001161,CUST-0039,SKU-0026,2025-09-21,2,12.4,ecommerce,Salesforce
ORD-001162,CUST-0039,SKU-0003,2025-09-21,13,50.7,ecommerce,Salesforce
ORD-001163,CUST-0039,SKU-0001,2026-01-19,7,31.5,ecommerce,Salesforce
ORD-001164,CUST-0039,SKU-0025,2026-01-19,9,31.5,ecommerce,Salesforce
ORD-001166,CUST-0039,SKU-0002,2025-08-16,18,86.4,ecommerce,Salesforce
ORD-001168,CUST-0039,SKU-0059,2025-08-16,8,16.0,ecommerce,Salesforce
ORD-001169,CUST-0039,SKU-0044,2026-05-18,10,89.0,ecommerce,Salesforce
ORD-001170,CUST-0039,SKU-0028,2026-05-18,20,104.0,ecommerce,Salesforce
ORD-001171,CUST-0039,SKU-0054,2026-05-18,7,26.6,ecommerce,Salesforce
ORD-001172,CUST-0039,SKU-0003,2026-05-18,3,11.7,ecommerce,Salesforce
ORD-001173,CUST-0039,SKU-0057,2025-10-17,14,105.0,ecommerce,Salesforce
ORD-001175,CUST-0039,SKU-0018,2025-10-17,8,48.0,ecommerce,Salesforce
ORD-001176,CUST-0039,SKU-0024,2025-10-17,5,17.5,ecommerce,Salesforce
ORD-001178,CUST-0039,SKU-0035,2026-08-02,3,6.9,rep,SAP
ORD-001179,CUST-0039,SKU-0059,2026-08-02,15,30.0,ecommerce,Salesforce
ORD-001180,CUST-0039,SKU-0053,2026-08-02,20,84.0,ecommerce,Salesforce
ORD-001181,CUST-0039,SKU-0045,2026-08-02,1,6.5,ecommerce,Salesforce
ORD-001182,CUST-0039,SKU-0059,2025-11-13,9,18.0,ecommerce,Salesforce
ORD-001185,CUST-0039,SKU-0059,2025-11-13,9,18.0,ecommerce,Salesforce
ORD-001186,CUST-0039,SKU-0001,2026-05-16,19,85.5,ecommerce,Salesforce
ORD-001187,CUST-0039,SKU-0043,2026-05-16,9,30.6,ecommerce,Salesforce
ORD-001189,CUST-0039,SKU-0033,2026-07-27,14,63.0,ecommerce,Salesforce
ORD-001190,CUST-0039,SKU-0036,2026-07-27,2,6.6,rep,SAP
ORD-001191,CUST-0039,SKU-0036,2026-07-27,15,49.5,ecommerce,Salesforce
ORD-001192,CUST-0039,SKU-0047,2026-07-27,8,102.4,rep,SAP
ORD-001193,CUST-0040,SKU-0025,2025-12-12,4,14.0,ecommerce,Salesforce
ORD-001194,CUST-0040,SKU-0028,2025-12-12,8,41.6,ecommerce,Salesforce
ORD-001195,CUST-0040,SKU-0034,2026-01-28,8,17.6,rep,SAP
ORD-001196,CUST-0040,SKU-0041,2026-06-20,15,67.5,ecommerce,Salesforce
ORD-001197,CUST-0040,SKU-0041,2026-06-20,11,49.5,rep,SAP
ORD-001198,CUST-0040,SKU-0004,2026-06-20,15,48.0,ecommerce,Salesforce
ORD-001199,CUST-0040,SKU-0047,2026-06-20,2,25.6,ecommerce,Salesforce
ORD-001200,CUST-0040,SKU-0027,2026-02-18,20,84.0,rep,SAP
ORD-001201,CUST-0040,SKU-0033,2026-02-18,20,90.0,ecommerce,Salesforce
ORD-001202,CUST-0040,SKU-0051,2026-02-18,1,4.2,ecommerce,Salesforce
ORD-001203,CUST-0040,SKU-0001,2026-02-18,20,90.0,rep,SAP
ORD-001204,CUST-0040,SKU-0032,2025-11-14,14,50.4,ecommerce,Salesforce
ORD-001205,CUST-0040,SKU-0059,2025-11-14,2,4.0,ecommerce,Salesforce
ORD-001206,CUST-0040,SKU-0028,2025-11-14,19,98.8,rep,SAP
ORD-001209,CUST-0040,SKU-0047,2025-09-03,7,89.6,rep,SAP
ORD-001210,CUST-0040,SKU-0044,2025-09-03,11,97.9,rep,SAP
ORD-001211,CUST-0040,SKU-0033,2025-09-03,11,49.5,ecommerce,Salesforce
ORD-001212,CUST-0040,SKU-0003,2025-09-03,16,62.4,ecommerce,Salesforce
ORD-001215,CUST-0040,SKU-0043,2026-02-08,4,13.6,ecommerce,Salesforce
ORD-001216,CUST-0041,SKU-0002,2026-06-02,7,33.6,ecommerce,Salesforce
ORD-001217,CUST-0041,SKU-0003,2026-06-02,18,70.2,ecommerce,Salesforce
ORD-001218,CUST-0041,SKU-0025,2026-06-02,1,3.5,rep,SAP
ORD-001221,CUST-0041,SKU-0002,2026-07-11,7,33.6,ecommerce,Salesforce
ORD-001223,CUST-0041,SKU-0003,2026-02-14,8,31.2,ecommerce,Salesforce
ORD-001225,CUST-0041,SKU-0051,2025-11-22,20,84.0,ecommerce,Salesforce
ORD-001226,CUST-0041,SKU-0026,2026-07-03,11,68.2,rep,SAP
ORD-001227,CUST-0041,SKU-0035,2026-07-03,9,20.7,ecommerce,Salesforce
ORD-001230,CUST-0041,SKU-0028,2026-07-03,18,93.6,ecommerce,Salesforce
ORD-001231,CUST-0041,SKU-0043,2026-01-05,2,6.8,ecommerce,Salesforce
ORD-001232,CUST-0041,SKU-0033,2026-01-05,14,63.0,ecommerce,Salesforce
ORD-001233,CUST-0041,SKU-0002,2026-01-05,15,72.0,ecommerce,Salesforce
ORD-001234,CUST-0041,SKU-0003,2026-01-05,17,66.3,ecommerce,Salesforce
ORD-001235,CUST-0041,SKU-0003,2025-12-26,2,7.8,ecommerce,Salesforce
ORD-001236,CUST-0041,SKU-0028,2025-12-26,9,46.8,ecommerce,Salesforce
ORD-001237,CUST-0041,SKU-0001,2025-10-16,10,45.0,ecommerce,Salesforce
ORD-001238,CUST-0041,SKU-0026,2025-10-16,19,117.8,rep,SAP
ORD-001239,CUST-0041,SKU-0059,2025-10-16,13,26.0,ecommerce,Salesforce
ORD-001240,CUST-0041,SKU-0043,2025-10-16,19,64.6,rep,SAP
ORD-001241,CUST-0041,SKU-0030,2025-10-16,11,25.3,rep,SAP
ORD-001242,CUST-0041,SKU-0045,2025-11-11,14,91.0,ecommerce,Salesforce
ORD-001243,CUST-0041,SKU-0026,2025-11-11,19,117.8,rep,SAP
ORD-001244,CUST-0041,SKU-0032,2025-11-11,12,43.2,ecommerce,Salesforce
ORD-001245,CUST-0041,SKU-0036,2025-11-11,10,33.0,ecommerce,Salesforce
ORD-001246,CUST-0041,SKU-0044,2025-08-23,20,178.0,rep,SAP
ORD-001247,CUST-0041,SKU-0027,2025-08-23,13,54.6,ecommerce,Salesforce
ORD-001248,CUST-0041,SKU-0028,2026-04-07,3,15.6,ecommerce,Salesforce
ORD-001249,CUST-0041,SKU-0039,2025-11-05,16,51.2,ecommerce,Salesforce
ORD-001250,CUST-0042,SKU-0041,2025-12-30,2,9.0,ecommerce,Salesforce
ORD-001251,CUST-0042,SKU-0033,2025-12-30,6,27.0,rep,SAP
ORD-001252,CUST-0042,SKU-0025,2026-03-09,7,24.5,ecommerce,Salesforce
ORD-001253,CUST-0042,SKU-0026,2026-03-09,20,124.0,ecommerce,Salesforce
ORD-001254,CUST-0042,SKU-0028,2026-03-09,7,36.4,ecommerce,Salesforce
ORD-001260,CUST-0042,SKU-0047,2025-12-25,7,89.6,rep,SAP
ORD-001261,CUST-0042,SKU-0008,2025-12-25,12,25.2,ecommerce,Salesforce
ORD-001262,CUST-0042,SKU-0021,2025-12-25,14,100.8,ecommerce,Salesforce
ORD-001263,CUST-0042,SKU-0024,2025-12-25,3,10.5,ecommerce,Salesforce
ORD-001264,CUST-0042,SKU-0033,2025-12-25,7,31.5,ecommerce,Salesforce
ORD-001265,CUST-0042,SKU-0035,2025-10-04,15,34.5,ecommerce,Salesforce
ORD-001267,CUST-0042,SKU-0003,2025-11-02,4,15.6,ecommerce,Salesforce
ORD-001268,CUST-0042,SKU-0041,2025-09-15,12,54.0,ecommerce,Salesforce
ORD-001269,CUST-0042,SKU-0059,2026-07-18,17,34.0,ecommerce,Salesforce
ORD-001270,CUST-0042,SKU-0025,2026-07-18,10,35.0,ecommerce,Salesforce
ORD-001271,CUST-0042,SKU-0027,2026-07-18,8,33.6,ecommerce,Salesforce
ORD-001272,CUST-0042,SKU-0024,2026-07-18,1,3.5,ecommerce,Salesforce
ORD-001273,CUST-0042,SKU-0001,2026-07-18,6,27.0,rep,SAP
ORD-001274,CUST-0042,SKU-0021,2026-04-26,18,129.6,ecommerce,Salesforce
ORD-001275,CUST-0042,SKU-0008,2026-05-11,8,16.8,ecommerce,Salesforce
ORD-001276,CUST-0042,SKU-0032,2026-05-11,1,3.6,ecommerce,Salesforce
ORD-001279,CUST-0042,SKU-0043,2026-05-25,11,37.4,rep,SAP
ORD-001281,CUST-0043,SKU-0043,2026-07-14,19,64.6,ecommerce,Salesforce
ORD-001282,CUST-0043,SKU-0033,2026-07-14,19,85.5,rep,SAP
ORD-001283,CUST-0043,SKU-0003,2026-07-14,8,31.2,rep,SAP
ORD-001284,CUST-0043,SKU-0002,2026-07-14,12,57.6,ecommerce,Salesforce
ORD-001285,CUST-0043,SKU-0047,2026-02-15,20,256.0,rep,SAP
ORD-001286,CUST-0043,SKU-0009,2026-02-15,9,85.5,ecommerce,Salesforce
ORD-001287,CUST-0043,SKU-0027,2025-08-27,10,42.0,rep,SAP
ORD-001288,CUST-0043,SKU-0022,2025-08-27,8,64.0,ecommerce,Salesforce
ORD-001289,CUST-0043,SKU-0016,2025-08-27,8,96.0,ecommerce,Salesforce
ORD-001290,CUST-0043,SKU-0024,2025-08-27,3,10.5,rep,SAP
ORD-001291,CUST-0043,SKU-0002,2025-08-27,5,24.0,ecommerce,Salesforce
ORD-001292,CUST-0043,SKU-0035,2025-11-19,10,23.0,ecommerce,Salesforce
ORD-001294,CUST-0043,SKU-0031,2025-11-18,3,19.5,rep,SAP
ORD-001295,CUST-0043,SKU-0035,2025-11-18,14,32.2,ecommerce,Salesforce
ORD-001296,CUST-0043,SKU-0053,2025-11-18,16,67.2,ecommerce,Salesforce
ORD-001297,CUST-0043,SKU-0043,2025-09-18,6,20.4,ecommerce,Salesforce
ORD-001298,CUST-0043,SKU-0036,2025-09-18,20,66.0,ecommerce,Salesforce
ORD-001299,CUST-0043,SKU-0013,2025-09-18,5,14.5,rep,SAP
ORD-001300,CUST-0043,SKU-0033,2026-04-20,12,54.0,ecommerce,Salesforce
ORD-001302,CUST-0043,SKU-0002,2026-04-20,14,67.2,rep,SAP
ORD-001303,CUST-0043,SKU-0041,2026-02-01,12,54.0,ecommerce,Salesforce
ORD-001304,CUST-0043,SKU-0048,2026-02-01,8,49.6,ecommerce,Salesforce
ORD-001305,CUST-0043,SKU-0041,2026-02-01,1,4.5,ecommerce,Salesforce
ORD-001306,CUST-0043,SKU-0026,2026-02-01,9,55.8,ecommerce,Salesforce
ORD-001307,CUST-0043,SKU-0001,2026-02-01,4,18.0,rep,SAP
ORD-001308,CUST-0043,SKU-0058,2026-02-19,3,15.6,ecommerce,Salesforce
ORD-001309,CUST-0043,SKU-0028,2026-02-19,10,52.0,ecommerce,Salesforce
ORD-001310,CUST-0043,SKU-0038,2026-02-19,10,55.0,rep,SAP
ORD-001311,CUST-0043,SKU-0056,2026-02-19,3,34.5,ecommerce,Salesforce
ORD-001312,CUST-0043,SKU-0047,2026-01-30,13,166.4,ecommerce,Salesforce
ORD-001313,CUST-0043,SKU-0024,2026-01-30,4,14.0,ecommerce,Salesforce
ORD-001314,CUST-0044,SKU-0011,2026-03-08,6,19.2,ecommerce,Salesforce
ORD-001316,CUST-0044,SKU-0047,2026-03-08,6,76.8,rep,SAP
ORD-001317,CUST-0044,SKU-0059,2026-03-04,6,12.0,ecommerce,Salesforce
ORD-001318,CUST-0044,SKU-0003,2026-03-04,1,3.9,ecommerce,Salesforce
ORD-001320,CUST-0044,SKU-0001,2026-03-04,7,31.5,ecommerce,Salesforce
ORD-001321,CUST-0044,SKU-0049,2026-06-11,9,70.2,rep,SAP
ORD-001322,CUST-0044,SKU-0032,2026-06-11,12,43.2,ecommerce,Salesforce
ORD-001323,CUST-0044,SKU-0003,2026-06-11,13,50.7,ecommerce,Salesforce
ORD-001324,CUST-0044,SKU-0025,2026-06-11,1,3.5,ecommerce,Salesforce
ORD-001325,CUST-0044,SKU-0057,2026-06-11,5,37.5,ecommerce,Salesforce
ORD-001326,CUST-0044,SKU-0049,2026-05-05,8,62.4,ecommerce,Salesforce
ORD-001327,CUST-0044,SKU-0036,2026-05-05,14,46.2,ecommerce,Salesforce
ORD-001329,CUST-0044,SKU-0033,2026-01-20,20,90.0,rep,SAP
ORD-001331,CUST-0044,SKU-0047,2026-01-20,13,166.4,ecommerce,Salesforce
ORD-001332,CUST-0044,SKU-0002,2026-01-20,16,76.8,rep,SAP
ORD-001336,CUST-0044,SKU-0050,2026-07-17,9,31.5,ecommerce,Salesforce
ORD-001337,CUST-0044,SKU-0047,2026-07-17,5,64.0,rep,SAP
ORD-001338,CUST-0044,SKU-0022,2026-04-15,8,64.0,rep,SAP
ORD-001339,CUST-0044,SKU-0033,2026-06-10,18,81.0,rep,SAP
ORD-001340,CUST-0044,SKU-0025,2025-12-04,4,14.0,ecommerce,Salesforce
ORD-001341,CUST-0044,SKU-0048,2025-12-04,4,24.8,ecommerce,Salesforce
ORD-001342,CUST-0044,SKU-0003,2026-01-14,2,7.8,ecommerce,Salesforce
ORD-001345,CUST-0044,SKU-0027,2026-01-14,16,67.2,ecommerce,Salesforce
ORD-001346,CUST-0044,SKU-0055,2025-12-30,2,3.8,ecommerce,Salesforce
ORD-001347,CUST-0044,SKU-0008,2025-12-30,9,18.9,rep,SAP
ORD-001348,CUST-0044,SKU-0024,2026-04-08,11,38.5,ecommerce,Salesforce
ORD-001349,CUST-0044,SKU-0060,2026-04-08,8,36.0,rep,SAP
ORD-001350,CUST-0045,SKU-0001,2026-04-13,18,81.0,ecommerce,Salesforce
ORD-001351,CUST-0045,SKU-0033,2026-04-13,13,58.5,ecommerce,Salesforce
ORD-001352,CUST-0045,SKU-0047,2026-04-13,18,230.4,ecommerce,Salesforce
ORD-001353,CUST-0045,SKU-0038,2026-04-13,2,11.0,rep,SAP
ORD-001354,CUST-0045,SKU-0035,2026-03-29,10,23.0,rep,SAP
ORD-001357,CUST-0045,SKU-0001,2025-09-28,17,76.5,ecommerce,Salesforce
ORD-001358,CUST-0045,SKU-0002,2025-10-22,13,62.4,ecommerce,Salesforce
ORD-001360,CUST-0045,SKU-0059,2025-10-22,15,30.0,rep,SAP
ORD-001361,CUST-0045,SKU-0032,2025-10-22,1,3.6,ecommerce,Salesforce
ORD-001362,CUST-0045,SKU-0028,2026-04-14,4,20.8,rep,SAP
ORD-001363,CUST-0045,SKU-0028,2026-04-14,19,98.8,ecommerce,Salesforce
ORD-001365,CUST-0045,SKU-0025,2026-04-14,17,59.5,rep,SAP
ORD-001366,CUST-0045,SKU-0042,2026-04-14,4,28.8,rep,SAP
ORD-001367,CUST-0045,SKU-0001,2026-07-10,18,81.0,ecommerce,Salesforce
ORD-001368,CUST-0045,SKU-0001,2025-08-27,18,81.0,ecommerce,Salesforce
ORD-001369,CUST-0045,SKU-0043,2025-08-27,10,34.0,ecommerce,Salesforce
ORD-001370,CUST-0045,SKU-0043,2026-03-11,10,34.0,ecommerce,Salesforce
ORD-001371,CUST-0045,SKU-0044,2026-05-29,18,160.2,ecommerce,Salesforce
ORD-001372,CUST-0045,SKU-0002,2026-05-29,2,9.6,ecommerce,Salesforce
ORD-001373,CUST-0045,SKU-0009,2026-05-29,20,190.0,ecommerce,Salesforce
ORD-001374,CUST-0045,SKU-0025,2026-05-29,18,63.0,ecommerce,Salesforce
ORD-001375,CUST-0046,SKU-0033,2026-02-27,5,22.5,ecommerce,Salesforce
ORD-001376,CUST-0046,SKU-0041,2026-02-27,7,31.5,rep,SAP
ORD-001377,CUST-0046,SKU-0041,2026-02-27,5,22.5,ecommerce,Salesforce
ORD-001378,CUST-0046,SKU-0001,2026-02-27,9,40.5,ecommerce,Salesforce
ORD-001379,CUST-0046,SKU-0003,2026-05-14,11,42.9,rep,SAP
ORD-001381,CUST-0046,SKU-0059,2026-05-14,4,8.0,ecommerce,Salesforce
ORD-001382,CUST-0046,SKU-0025,2026-05-14,17,59.5,ecommerce,Salesforce
ORD-001383,CUST-0046,SKU-0001,2025-12-29,6,27.0,ecommerce,Salesforce
ORD-001384,CUST-0046,SKU-0035,2025-12-29,19,43.7,ecommerce,Salesforce
ORD-001385,CUST-0046,SKU-0047,2025-12-29,5,64.0,ecommerce,Salesforce
ORD-001386,CUST-0046,SKU-0027,2025-12-29,20,84.0,ecommerce,Salesforce
ORD-001389,CUST-0046,SKU-0047,2026-04-30,8,102.4,rep,SAP
ORD-001390,CUST-0046,SKU-0036,2025-09-05,16,52.8,rep,SAP
ORD-001391,CUST-0046,SKU-0009,2026-03-12,16,152.0,ecommerce,Salesforce
ORD-001393,CUST-0046,SKU-0046,2026-03-12,14,161.0,rep,SAP
ORD-001394,CUST-0046,SKU-0043,2026-03-12,15,51.0,rep,SAP
ORD-001395,CUST-0046,SKU-0034,2026-03-12,8,17.6,ecommerce,Salesforce
ORD-001396,CUST-0046,SKU-0041,2025-10-14,16,72.0,ecommerce,Salesforce
ORD-001398,CUST-0046,SKU-0028,2025-10-14,9,46.8,ecommerce,Salesforce
ORD-001399,CUST-0046,SKU-0003,2025-10-14,17,66.3,rep,SAP
ORD-001400,CUST-0046,SKU-0024,2025-10-14,12,42.0,ecommerce,Salesforce
ORD-001401,CUST-0046,SKU-0026,2026-01-06,13,80.6,ecommerce,Salesforce
ORD-001402,CUST-0046,SKU-0043,2026-01-06,17,57.8,rep,SAP
ORD-001403,CUST-0046,SKU-0001,2026-01-06,5,22.5,rep,SAP
ORD-001404,CUST-0046,SKU-0033,2026-04-04,6,27.0,ecommerce,Salesforce
ORD-001405,CUST-0046,SKU-0043,2026-04-04,15,51.0,ecommerce,Salesforce
ORD-001406,CUST-0046,SKU-0027,2026-04-04,4,16.8,ecommerce,Salesforce
ORD-001408,CUST-0047,SKU-0026,2025-12-21,11,68.2,rep,SAP
ORD-001410,CUST-0047,SKU-0009,2026-02-27,5,47.5,ecommerce,Salesforce
ORD-001411,CUST-0047,SKU-0047,2026-02-27,11,140.8,ecommerce,Salesforce
ORD-001412,CUST-0047,SKU-0028,2026-02-27,10,52.0,ecommerce,Salesforce
ORD-001413,CUST-0047,SKU-0047,2026-02-27,17,217.6,ecommerce,Salesforce
ORD-001414,CUST-0047,SKU-0016,2025-10-04,14,168.0,ecommerce,Salesforce
ORD-001415,CUST-0047,SKU-0045,2025-10-04,17,110.5,ecommerce,Salesforce
ORD-001416,CUST-0047,SKU-0041,2025-10-04,5,22.5,ecommerce,Salesforce
ORD-001417,CUST-0047,SKU-0060,2025-08-26,5,22.5,ecommerce,Salesforce
ORD-001418,CUST-0047,SKU-0041,2025-08-26,14,63.0,ecommerce,Salesforce
ORD-001419,CUST-0047,SKU-0015,2025-08-26,11,71.5,ecommerce,Salesforce
ORD-001420,CUST-0047,SKU-0032,2026-03-13,9,32.4,rep,SAP
ORD-001421,CUST-0047,SKU-0012,2025-12-11,2,9.6,ecommerce,Salesforce
ORD-001422,CUST-0047,SKU-0035,2025-12-11,9,20.7,rep,SAP
ORD-001423,CUST-0047,SKU-0032,2025-12-11,11,39.6,ecommerce,Salesforce
ORD-001425,CUST-0047,SKU-0038,2025-08-13,17,93.5,ecommerce,Salesforce
ORD-001426,CUST-0047,SKU-0025,2025-08-13,4,14.0,ecommerce,Salesforce
ORD-001427,CUST-0047,SKU-0002,2025-08-13,15,72.0,rep,SAP
ORD-001428,CUST-0047,SKU-0028,2025-08-13,16,83.2,rep,SAP
ORD-001429,CUST-0047,SKU-0036,2025-10-24,9,29.7,rep,SAP
ORD-001430,CUST-0047,SKU-0029,2026-05-20,4,9.2,rep,SAP
ORD-001432,CUST-0047,SKU-0059,2026-05-20,7,14.0,rep,SAP
ORD-001433,CUST-0047,SKU-0005,2026-07-23,6,20.4,ecommerce,Salesforce
ORD-001434,CUST-0047,SKU-0033,2026-07-23,20,90.0,ecommerce,Salesforce
ORD-001435,CUST-0047,SKU-0043,2026-07-23,1,3.4,rep,SAP
ORD-001436,CUST-0047,SKU-0028,2026-07-23,8,41.6,ecommerce,Salesforce
ORD-001437,CUST-0047,SKU-0001,2026-07-23,18,81.0,ecommerce,Salesforce
ORD-001438,CUST-0047,SKU-0018,2025-10-21,2,12.0,ecommerce,Salesforce
ORD-001439,CUST-0047,SKU-0035,2025-10-21,4,9.2,ecommerce,Salesforce
ORD-001441,CUST-0047,SKU-0032,2025-12-20,2,7.2,ecommerce,Salesforce
ORD-001442,CUST-0047,SKU-0026,2025-12-20,9,55.8,rep,SAP
ORD-001443,CUST-0047,SKU-0045,2026-06-01,13,84.5,rep,SAP
ORD-001444,CUST-0048,SKU-0027,2026-06-27,11,46.2,ecommerce,Salesforce
ORD-001445,CUST-0048,SKU-0049,2026-06-27,13,101.4,ecommerce,Salesforce
ORD-001446,CUST-0048,SKU-0024,2026-06-27,5,17.5,rep,SAP
ORD-001447,CUST-0048,SKU-0059,2026-06-27,6,12.0,ecommerce,Salesforce
ORD-001448,CUST-0048,SKU-0042,2026-06-27,10,72.0,ecommerce,Salesforce
ORD-001449,CUST-0048,SKU-0001,2025-11-05,5,22.5,ecommerce,Salesforce
ORD-001450,CUST-0048,SKU-0026,2025-11-05,4,24.8,rep,SAP
ORD-001451,CUST-0048,SKU-0001,2025-11-05,20,90.0,ecommerce,Salesforce
ORD-001452,CUST-0048,SKU-0059,2025-11-05,2,4.0,ecommerce,Salesforce
ORD-001453,CUST-0048,SKU-0039,2025-12-22,1,3.2,rep,SAP
ORD-001454,CUST-0048,SKU-0035,2025-12-22,11,25.3,rep,SAP
ORD-001455,CUST-0048,SKU-0058,2025-10-17,15,78.0,rep,SAP
ORD-001456,CUST-0048,SKU-0001,2025-10-17,18,81.0,ecommerce,Salesforce
ORD-001457,CUST-0048,SKU-0001,2025-10-17,18,81.0,ecommerce,Salesforce
ORD-001458,CUST-0048,SKU-0010,2025-10-17,1,5.8,rep,SAP
ORD-001459,CUST-0048,SKU-0027,2026-03-13,13,54.6,ecommerce,Salesforce
ORD-001460,CUST-0048,SKU-0032,2026-03-13,6,21.6,rep,SAP
ORD-001461,CUST-0048,SKU-0019,2026-03-13,12,102.0,ecommerce,Salesforce
ORD-001462,CUST-0048,SKU-0001,2026-03-13,20,90.0,ecommerce,Salesforce
ORD-001463,CUST-0048,SKU-0026,2026-01-25,10,62.0,ecommerce,Salesforce
ORD-001466,CUST-0048,SKU-0050,2026-01-25,5,17.5,ecommerce,Salesforce
ORD-001467,CUST-0048,SKU-0051,2026-01-25,16,67.2,rep,SAP
ORD-001468,CUST-0048,SKU-0026,2026-03-13,6,37.2,rep,SAP
ORD-001469,CUST-0048,SKU-0033,2026-03-13,20,90.0,rep,SAP
ORD-001470,CUST-0048,SKU-0042,2026-03-13,8,57.6,ecommerce,Salesforce
ORD-001471,CUST-0048,SKU-0041,2026-05-09,3,13.5,ecommerce,Salesforce
ORD-001472,CUST-0048,SKU-0047,2026-05-09,3,38.4,ecommerce,Salesforce
ORD-001476,CUST-0048,SKU-0001,2026-05-16,5,22.5,ecommerce,Salesforce
ORD-001477,CUST-0048,SKU-0047,2026-05-16,14,179.2,ecommerce,Salesforce
ORD-001478,CUST-0048,SKU-0041,2026-05-16,20,90.0,rep,SAP
ORD-001480,CUST-0048,SKU-0031,2026-03-08,5,32.5,rep,SAP
ORD-001481,CUST-0048,SKU-0032,2026-03-08,15,54.0,rep,SAP
ORD-001482,CUST-0048,SKU-0043,2025-12-31,6,20.4,ecommerce,Salesforce
ORD-001483,CUST-0048,SKU-0044,2026-03-11,17,151.3,ecommerce,Salesforce
ORD-001485,CUST-0048,SKU-0041,2026-03-11,20,90.0,ecommerce,Salesforce
ORD-001487,CUST-0048,SKU-0033,2026-04-03,6,27.0,ecommerce,Salesforce
ORD-001488,CUST-0048,SKU-0025,2026-04-03,4,14.0,ecommerce,Salesforce
ORD-001489,CUST-0048,SKU-0002,2026-04-03,8,38.4,ecommerce,Salesforce
ORD-001490,CUST-0048,SKU-0059,2026-04-03,10,20.0,ecommerce,Salesforce
ORD-001491,CUST-0049,SKU-0019,2025-12-08,19,161.5,rep,SAP
ORD-001492,CUST-0049,SKU-0017,2025-12-08,1,18.0,rep,SAP
ORD-001493,CUST-0049,SKU-0033,2025-12-08,7,31.5,ecommerce,Salesforce
ORD-001494,CUST-0049,SKU-0007,2026-02-05,11,24.2,ecommerce,Salesforce
ORD-001495,CUST-0049,SKU-0015,2026-02-05,19,123.5,rep,SAP
ORD-001496,CUST-0049,SKU-0055,2025-08-26,3,5.7,rep,SAP
ORD-001497,CUST-0049,SKU-0057,2025-08-26,7,52.5,rep,SAP
ORD-001498,CUST-0049,SKU-0011,2025-08-26,17,54.4,ecommerce,Salesforce
ORD-001499,CUST-0049,SKU-0022,2026-07-06,15,120.0,rep,SAP
ORD-001501,CUST-0049,SKU-0040,2026-07-06,16,78.4,ecommerce,Salesforce
ORD-001502,CUST-0049,SKU-0020,2026-07-06,18,252.0,rep,SAP
ORD-001503,CUST-0049,SKU-0032,2026-07-06,4,14.4,ecommerce,Salesforce
ORD-001504,CUST-0049,SKU-0034,2026-01-05,12,26.4,ecommerce,Salesforce
ORD-001505,CUST-0049,SKU-0017,2026-01-05,16,288.0,rep,SAP
ORD-001509,CUST-0049,SKU-0019,2026-01-14,8,68.0,ecommerce,Salesforce
ORD-001510,CUST-0049,SKU-0017,2026-01-14,13,234.0,ecommerce,Salesforce
ORD-001511,CUST-0049,SKU-0012,2025-09-13,12,57.6,ecommerce,Salesforce
ORD-001512,CUST-0049,SKU-0030,2025-09-13,4,9.2,ecommerce,Salesforce
ORD-001513,CUST-0050,SKU-0017,2026-03-16,11,198.0,rep,SAP
ORD-001514,CUST-0050,SKU-0031,2026-03-16,4,26.0,ecommerce,Salesforce
ORD-001515,CUST-0050,SKU-0017,2025-10-25,19,342.0,ecommerce,Salesforce
ORD-001516,CUST-0050,SKU-0048,2025-10-25,16,99.2,ecommerce,Salesforce
ORD-001517,CUST-0050,SKU-0037,2025-10-25,9,27.9,ecommerce,Salesforce
ORD-001518,CUST-0050,SKU-0048,2025-10-25,3,18.6,ecommerce,Salesforce
ORD-001520,CUST-0050,SKU-0013,2026-03-09,7,20.3,ecommerce,Salesforce
ORD-001521,CUST-0050,SKU-0021,2026-03-09,14,100.8,ecommerce,Salesforce
ORD-001522,CUST-0050,SKU-0040,2026-03-09,20,98.0,ecommerce,Salesforce
ORD-001524,CUST-0050,SKU-0008,2025-10-21,14,29.4,ecommerce,Salesforce
ORD-001525,CUST-0050,SKU-0054,2025-10-21,5,19.0,ecommerce,Salesforce
ORD-001526,CUST-0050,SKU-0016,2025-10-21,7,84.0,ecommerce,Salesforce
ORD-001527,CUST-0050,SKU-0014,2025-10-21,12,66.0,ecommerce,Salesforce
ORD-001529,CUST-0050,SKU-0054,2026-07-20,16,60.8,ecommerce,Salesforce
ORD-001530,CUST-0050,SKU-0048,2026-07-20,17,105.4,rep,SAP
ORD-001531,CUST-0050,SKU-0030,2026-07-20,14,32.2,ecommerce,Salesforce
ORD-001532,CUST-0050,SKU-0048,2026-07-20,10,62.0,rep,SAP
ORD-001534,CUST-0050,SKU-0019,2026-03-18,20,170.0,rep,SAP
ORD-001535,CUST-0050,SKU-0040,2026-03-18,18,88.2,ecommerce,Salesforce
ORD-001536,CUST-0050,SKU-0014,2026-05-31,8,44.0,rep,SAP
ORD-001538,CUST-0050,SKU-0037,2025-10-04,1,3.1,rep,SAP
ORD-001539,CUST-0050,SKU-0023,2026-04-23,10,135.0,rep,SAP
ORD-001540,CUST-0050,SKU-0015,2026-04-23,14,91.0,ecommerce,Salesforce
ORD-001541,CUST-0050,SKU-0054,2026-04-23,17,64.6,rep,SAP
ORD-001542,CUST-0050,SKU-0028,2026-01-25,8,41.6,ecommerce,Salesforce
ORD-001544,CUST-0050,SKU-0013,2026-02-22,14,40.6,ecommerce,Salesforce
ORD-001546,CUST-0051,SKU-0014,2025-12-18,3,16.5,ecommerce,Salesforce
ORD-001547,CUST-0051,SKU-0021,2025-12-18,1,7.2,ecommerce,Salesforce
ORD-001548,CUST-0051,SKU-0037,2025-12-18,13,40.3,ecommerce,Salesforce
ORD-001549,CUST-0051,SKU-0041,2025-12-18,12,54.0,ecommerce,Salesforce
ORD-001551,CUST-0051,SKU-0012,2026-02-16,5,24.0,ecommerce,Salesforce
ORD-001552,CUST-0051,SKU-0015,2026-02-16,15,97.5,rep,SAP
ORD-001554,CUST-0051,SKU-0018,2025-11-21,3,18.0,ecommerce,Salesforce
ORD-001555,CUST-0051,SKU-0048,2025-11-21,11,68.2,ecommerce,Salesforce
ORD-001556,CUST-0051,SKU-0011,2025-11-21,6,19.2,ecommerce,Salesforce
ORD-001557,CUST-0051,SKU-0008,2025-11-21,11,23.1,rep,SAP
ORD-001558,CUST-0051,SKU-0040,2026-06-17,9,44.1,rep,SAP
ORD-001559,CUST-0051,SKU-0040,2026-06-17,17,83.3,rep,SAP
ORD-001560,CUST-0051,SKU-0015,2026-06-17,11,71.5,ecommerce,Salesforce
ORD-001562,CUST-0051,SKU-0023,2026-06-17,15,202.5,rep,SAP
ORD-001564,CUST-0051,SKU-0026,2026-04-26,4,24.8,ecommerce,Salesforce
ORD-001565,CUST-0051,SKU-0054,2026-04-26,16,60.8,ecommerce,Salesforce
ORD-001566,CUST-0051,SKU-0046,2026-04-26,20,230.0,ecommerce,Salesforce
ORD-001567,CUST-0051,SKU-0020,2025-11-17,15,210.0,ecommerce,Salesforce
ORD-001569,CUST-0051,SKU-0034,2025-11-17,12,26.4,ecommerce,Salesforce
ORD-001570,CUST-0051,SKU-0028,2025-11-17,6,31.2,ecommerce,Salesforce
ORD-001571,CUST-0051,SKU-0013,2025-11-17,11,31.9,ecommerce,Salesforce
ORD-001572,CUST-0051,SKU-0034,2025-08-12,8,17.6,ecommerce,Salesforce
ORD-001573,CUST-0051,SKU-0022,2025-08-12,4,32.0,ecommerce,Salesforce
ORD-001574,CUST-0051,SKU-0052,2025-08-12,3,15.0,ecommerce,Salesforce
ORD-001575,CUST-0051,SKU-0014,2026-07-22,7,38.5,ecommerce,Salesforce
ORD-001576,CUST-0051,SKU-0048,2026-07-22,4,24.8,ecommerce,Salesforce
ORD-001577,CUST-0051,SKU-0014,2026-07-22,19,104.5,ecommerce,Salesforce
ORD-001578,CUST-0051,SKU-0037,2026-07-22,1,3.1,rep,SAP
ORD-001579,CUST-0051,SKU-0059,2026-03-01,17,34.0,ecommerce,Salesforce
ORD-001580,CUST-0051,SKU-0045,2025-09-11,9,58.5,ecommerce,Salesforce
ORD-001581,CUST-0051,SKU-0056,2025-09-11,20,230.0,ecommerce,Salesforce
ORD-001584,CUST-0051,SKU-0016,2026-07-25,12,144.0,rep,SAP
ORD-001585,CUST-0051,SKU-0019,2026-07-25,9,76.5,rep,SAP
ORD-001586,CUST-0051,SKU-0012,2026-07-25,9,43.2,ecommerce,Salesforce
ORD-001587,CUST-0051,SKU-0018,2026-07-25,6,36.0,rep,SAP
ORD-001589,CUST-0051,SKU-0012,2025-10-07,17,81.6,ecommerce,Salesforce
ORD-001590,CUST-0051,SKU-0021,2026-07-11,16,115.2,ecommerce,Salesforce
ORD-001591,CUST-0051,SKU-0017,2026-07-11,18,324.0,rep,SAP
ORD-001592,CUST-0051,SKU-0054,2026-07-11,3,11.4,ecommerce,Salesforce
ORD-001593,CUST-0051,SKU-0022,2026-07-11,15,120.0,rep,SAP
ORD-001594,CUST-0052,SKU-0049,2026-01-28,17,132.6,ecommerce,Salesforce
ORD-001596,CUST-0052,SKU-0048,2025-09-30,15,93.0,rep,SAP
ORD-001597,CUST-0052,SKU-0013,2025-09-30,3,8.7,ecommerce,Salesforce
ORD-001598,CUST-0052,SKU-0018,2026-01-11,4,24.0,rep,SAP
ORD-001599,CUST-0052,SKU-0012,2026-01-11,9,43.2,ecommerce,Salesforce
ORD-001600,CUST-0052,SKU-0012,2026-01-11,18,86.4,ecommerce,Salesforce
ORD-001601,CUST-0052,SKU-0037,2026-01-11,17,52.7,ecommerce,Salesforce
ORD-001602,CUST-0052,SKU-0054,2026-01-11,13,49.4,rep,SAP
ORD-001603,CUST-0052,SKU-0023,2026-01-04,17,229.5,ecommerce,Salesforce
ORD-001604,CUST-0052,SKU-0054,2026-01-04,8,30.4,rep,SAP
ORD-001605,CUST-0052,SKU-0015,2025-09-03,18,117.0,ecommerce,Salesforce
ORD-001606,CUST-0052,SKU-0016,2026-06-20,9,108.0,ecommerce,Salesforce
ORD-001607,CUST-0052,SKU-0023,2026-06-20,20,270.0,ecommerce,Salesforce
ORD-001608,CUST-0052,SKU-0055,2026-06-20,10,19.0,rep,SAP
ORD-001610,CUST-0052,SKU-0046,2025-10-18,1,11.5,ecommerce,Salesforce
ORD-001611,CUST-0052,SKU-0040,2025-09-15,12,58.8,rep,SAP
ORD-001612,CUST-0052,SKU-0018,2025-09-15,4,24.0,ecommerce,Salesforce
ORD-001613,CUST-0053,SKU-0057,2026-01-02,5,37.5,rep,SAP
ORD-001614,CUST-0053,SKU-0022,2026-01-02,15,120.0,ecommerce,Salesforce
ORD-001615,CUST-0053,SKU-0046,2026-05-13,15,172.5,ecommerce,Salesforce
ORD-001617,CUST-0053,SKU-0039,2026-05-13,16,51.2,ecommerce,Salesforce
ORD-001618,CUST-0053,SKU-0014,2026-06-30,5,27.5,ecommerce,Salesforce
ORD-001619,CUST-0053,SKU-0020,2026-05-29,7,98.0,rep,SAP
ORD-001624,CUST-0053,SKU-0021,2025-10-08,15,108.0,ecommerce,Salesforce
ORD-001625,CUST-0053,SKU-0021,2025-10-08,10,72.0,ecommerce,Salesforce
ORD-001626,CUST-0053,SKU-0011,2025-10-08,7,22.4,ecommerce,Salesforce
ORD-001627,CUST-0053,SKU-0046,2025-09-03,1,11.5,ecommerce,Salesforce
ORD-001628,CUST-0053,SKU-0051,2025-09-03,17,71.4,ecommerce,Salesforce
ORD-001629,CUST-0053,SKU-0054,2025-09-03,9,34.2,ecommerce,Salesforce
ORD-001631,CUST-0053,SKU-0017,2025-12-12,10,180.0,ecommerce,Salesforce
ORD-001632,CUST-0053,SKU-0013,2025-12-12,7,20.3,ecommerce,Salesforce
ORD-001633,CUST-0053,SKU-0012,2025-12-12,10,48.0,ecommerce,Salesforce
ORD-001634,CUST-0053,SKU-0048,2025-12-12,4,24.8,ecommerce,Salesforce
ORD-001635,CUST-0053,SKU-0046,2026-01-14,12,138.0,ecommerce,Salesforce
ORD-001636,CUST-0053,SKU-0056,2026-01-14,1,11.5,rep,SAP
ORD-001637,CUST-0053,SKU-0006,2026-01-14,5,11.0,ecommerce,Salesforce
ORD-001639,CUST-0053,SKU-0004,2026-01-14,13,41.6,ecommerce,Salesforce
ORD-001641,CUST-0053,SKU-0020,2026-03-31,10,140.0,ecommerce,Salesforce
ORD-001642,CUST-0053,SKU-0008,2026-03-31,19,39.9,ecommerce,Salesforce
ORD-001644,CUST-0053,SKU-0021,2026-03-31,10,72.0,ecommerce,Salesforce
ORD-001645,CUST-0053,SKU-0015,2025-08-10,3,19.5,ecommerce,Salesforce
ORD-001646,CUST-0053,SKU-0016,2025-08-10,7,84.0,ecommerce,Salesforce
ORD-001647,CUST-0053,SKU-0011,2025-08-10,4,12.8,ecommerce,Salesforce
ORD-001648,CUST-0053,SKU-0057,2025-08-10,18,135.0,ecommerce,Salesforce
ORD-001650,CUST-0053,SKU-0040,2026-03-19,18,88.2,ecommerce,Salesforce
ORD-001651,CUST-0053,SKU-0040,2026-03-19,16,78.4,ecommerce,Salesforce
ORD-001652,CUST-0053,SKU-0018,2026-03-19,14,84.0,rep,SAP
ORD-001653,CUST-0053,SKU-0040,2026-03-19,13,63.7,ecommerce,Salesforce
ORD-001654,CUST-0053,SKU-0013,2026-07-03,15,43.5,rep,SAP
ORD-001655,CUST-0053,SKU-0017,2026-07-03,17,306.0,rep,SAP
ORD-001656,CUST-0053,SKU-0060,2026-07-03,13,58.5,ecommerce,Salesforce
ORD-001657,CUST-0053,SKU-0034,2026-07-03,15,33.0,rep,SAP
ORD-001660,CUST-0053,SKU-0034,2026-04-11,9,19.8,ecommerce,Salesforce
ORD-001661,CUST-0053,SKU-0023,2026-04-11,19,256.5,ecommerce,Salesforce
ORD-001662,CUST-0053,SKU-0021,2026-04-11,8,57.6,ecommerce,Salesforce
ORD-001664,CUST-0054,SKU-0025,2026-04-07,14,49.0,rep,SAP
ORD-001665,CUST-0054,SKU-0057,2026-04-07,3,22.5,ecommerce,Salesforce
ORD-001666,CUST-0054,SKU-0021,2026-06-26,4,28.8,ecommerce,Salesforce
ORD-001667,CUST-0054,SKU-0017,2026-06-29,16,288.0,ecommerce,Salesforce
ORD-001668,CUST-0054,SKU-0018,2026-06-29,17,102.0,rep,SAP
ORD-001669,CUST-0054,SKU-0020,2026-06-29,7,98.0,ecommerce,Salesforce
ORD-001670,CUST-0054,SKU-0012,2026-06-29,11,52.8,ecommerce,Salesforce
ORD-001672,CUST-0054,SKU-0013,2026-05-26,3,8.7,ecommerce,Salesforce
ORD-001673,CUST-0054,SKU-0037,2026-05-26,3,9.3,ecommerce,Salesforce
ORD-001674,CUST-0054,SKU-0014,2026-05-26,2,11.0,ecommerce,Salesforce
ORD-001675,CUST-0054,SKU-0045,2026-05-26,13,84.5,rep,SAP
ORD-001676,CUST-0054,SKU-0022,2025-10-26,17,136.0,rep,SAP
ORD-001678,CUST-0054,SKU-0042,2025-10-26,1,7.2,ecommerce,Salesforce
ORD-001682,CUST-0054,SKU-0057,2026-06-09,18,135.0,ecommerce,Salesforce
ORD-001683,CUST-0054,SKU-0007,2026-06-09,2,4.4,ecommerce,Salesforce
ORD-001684,CUST-0054,SKU-0045,2026-06-09,8,52.0,ecommerce,Salesforce
ORD-001686,CUST-0054,SKU-0019,2026-06-09,18,153.0,ecommerce,Salesforce
ORD-001688,CUST-0054,SKU-0024,2026-02-16,12,42.0,ecommerce,Salesforce
ORD-001689,CUST-0054,SKU-0019,2025-09-05,8,68.0,ecommerce,Salesforce
ORD-001691,CUST-0054,SKU-0018,2025-12-12,6,36.0,ecommerce,Salesforce
ORD-001692,CUST-0054,SKU-0009,2026-06-11,20,190.0,ecommerce,Salesforce
ORD-001693,CUST-0054,SKU-0017,2026-06-11,18,324.0,ecommerce,Salesforce
ORD-001694,CUST-0054,SKU-0046,2026-02-05,18,207.0,ecommerce,Salesforce
ORD-001695,CUST-0054,SKU-0046,2026-02-05,18,207.0,ecommerce,Salesforce
ORD-001696,CUST-0054,SKU-0016,2026-03-05,5,60.0,rep,SAP
ORD-001698,CUST-0054,SKU-0054,2026-03-05,15,57.0,ecommerce,Salesforce
ORD-001699,CUST-0054,SKU-0011,2026-03-05,9,28.8,ecommerce,Salesforce
ORD-001700,CUST-0054,SKU-0006,2026-03-05,2,4.4,ecommerce,Salesforce
ORD-001701,CUST-0055,SKU-0016,2025-08-16,7,84.0,ecommerce,Salesforce
ORD-001702,CUST-0055,SKU-0023,2025-08-16,2,27.0,ecommerce,Salesforce
ORD-001703,CUST-0055,SKU-0034,2025-08-16,9,19.8,rep,SAP
ORD-001704,CUST-0055,SKU-0022,2025-08-16,20,160.0,ecommerce,Salesforce
ORD-001705,CUST-0055,SKU-0023,2025-09-05,18,243.0,ecommerce,Salesforce
ORD-001706,CUST-0055,SKU-0056,2026-05-24,8,92.0,ecommerce,Salesforce
ORD-001707,CUST-0055,SKU-0018,2026-05-24,3,18.0,rep,SAP
ORD-001708,CUST-0055,SKU-0037,2026-05-24,2,6.2,ecommerce,Salesforce
ORD-001709,CUST-0055,SKU-0019,2026-05-24,4,34.0,ecommerce,Salesforce
ORD-001710,CUST-0055,SKU-0055,2026-05-24,6,11.4,ecommerce,Salesforce
ORD-001711,CUST-0055,SKU-0056,2025-08-11,18,207.0,ecommerce,Salesforce
ORD-001713,CUST-0055,SKU-0045,2025-08-11,9,58.5,rep,SAP
ORD-001714,CUST-0055,SKU-0057,2025-08-11,20,150.0,ecommerce,Salesforce
ORD-001715,CUST-0055,SKU-0055,2026-07-08,19,36.1,ecommerce,Salesforce
ORD-001717,CUST-0055,SKU-0039,2026-02-03,8,25.6,ecommerce,Salesforce
ORD-001718,CUST-0055,SKU-0020,2026-02-03,8,112.0,ecommerce,Salesforce
ORD-001719,CUST-0055,SKU-0044,2026-02-03,14,124.6,ecommerce,Salesforce
ORD-001720,CUST-0055,SKU-0017,2026-02-03,20,360.0,rep,SAP
ORD-001721,CUST-0055,SKU-0034,2026-02-03,16,35.2,rep,SAP
ORD-001722,CUST-0055,SKU-0013,2025-08-22,19,55.1,ecommerce,Salesforce
ORD-001723,CUST-0055,SKU-0033,2025-08-22,17,76.5,rep,SAP
ORD-001725,CUST-0055,SKU-0016,2025-11-25,19,228.0,ecommerce,Salesforce
ORD-001726,CUST-0055,SKU-0012,2025-11-25,17,81.6,rep,SAP
ORD-001729,CUST-0055,SKU-0048,2026-01-04,12,74.4,ecommerce,Salesforce
ORD-001730,CUST-0055,SKU-0022,2025-09-15,15,120.0,rep,SAP
ORD-001732,CUST-0055,SKU-0021,2025-09-15,20,144.0,ecommerce,Salesforce
ORD-001734,CUST-0056,SKU-0001,2025-11-16,6,27.0,ecommerce,Salesforce
ORD-001737,CUST-0056,SKU-0023,2025-08-19,5,67.5,ecommerce,Salesforce
ORD-001739,CUST-0056,SKU-0059,2026-08-06,14,28.0,ecommerce,Salesforce
ORD-001740,CUST-0056,SKU-0013,2026-08-06,6,17.4,rep,SAP
ORD-001741,CUST-0056,SKU-0040,2026-04-24,19,93.1,ecommerce,Salesforce
ORD-001742,CUST-0056,SKU-0023,2026-02-17,4,54.0,ecommerce,Salesforce
ORD-001744,CUST-0056,SKU-0046,2026-02-17,6,69.0,rep,SAP
ORD-001745,CUST-0056,SKU-0034,2025-11-22,4,8.8,ecommerce,Salesforce
ORD-001746,CUST-0056,SKU-0056,2025-11-22,8,92.0,rep,SAP
ORD-001747,CUST-0056,SKU-0039,2025-11-22,4,12.8,rep,SAP
ORD-001748,CUST-0056,SKU-0040,2025-11-22,17,83.3,rep,SAP
ORD-001749,CUST-0056,SKU-0015,2025-08-27,16,104.0,rep,SAP
ORD-001751,CUST-0056,SKU-0054,2025-08-27,4,15.2,ecommerce,Salesforce
ORD-001753,CUST-0056,SKU-0015,2025-08-27,3,19.5,ecommerce,Salesforce
ORD-001754,CUST-0056,SKU-0020,2025-12-26,11,154.0,rep,SAP
ORD-001755,CUST-0056,SKU-0060,2025-12-26,11,49.5,ecommerce,Salesforce
ORD-001756,CUST-0056,SKU-0041,2025-12-26,2,9.0,rep,SAP
ORD-001757,CUST-0056,SKU-0037,2025-12-26,8,24.8,ecommerce,Salesforce
ORD-001758,CUST-0056,SKU-0047,2025-10-23,16,204.8,ecommerce,Salesforce
ORD-001759,CUST-0056,SKU-0034,2025-10-23,7,15.4,ecommerce,Salesforce
ORD-001760,CUST-0056,SKU-0054,2025-10-23,6,22.8,ecommerce,Salesforce
ORD-001761,CUST-0056,SKU-0022,2025-10-23,12,96.0,ecommerce,Salesforce
ORD-001762,CUST-0057,SKU-0043,2026-01-07,16,54.4,ecommerce,Salesforce
ORD-001763,CUST-0057,SKU-0055,2026-01-07,10,19.0,ecommerce,Salesforce
ORD-001764,CUST-0057,SKU-0021,2026-01-01,8,57.6,ecommerce,Salesforce
ORD-001765,CUST-0057,SKU-0012,2026-01-01,12,57.6,ecommerce,Salesforce
ORD-001766,CUST-0057,SKU-0031,2026-01-01,16,104.0,ecommerce,Salesforce
ORD-001767,CUST-0057,SKU-0014,2026-01-01,14,77.0,ecommerce,Salesforce
ORD-001768,CUST-0057,SKU-0048,2025-12-18,13,80.6,ecommerce,Salesforce
ORD-001769,CUST-0057,SKU-0017,2025-12-18,2,36.0,ecommerce,Salesforce
ORD-001770,CUST-0057,SKU-0040,2025-12-18,7,34.3,rep,SAP
ORD-001771,CUST-0057,SKU-0060,2026-06-17,1,4.5,rep,SAP
ORD-001772,CUST-0057,SKU-0034,2026-06-17,12,26.4,rep,SAP
ORD-001774,CUST-0057,SKU-0026,2026-06-17,8,49.6,ecommerce,Salesforce
ORD-001776,CUST-0057,SKU-0034,2025-08-25,4,8.8,ecommerce,Salesforce
ORD-001777,CUST-0057,SKU-0016,2025-08-28,8,96.0,ecommerce,Salesforce
ORD-001778,CUST-0057,SKU-0025,2025-08-28,13,45.5,ecommerce,Salesforce
ORD-001781,CUST-0057,SKU-0028,2026-06-12,17,88.4,rep,SAP
ORD-001782,CUST-0057,SKU-0055,2026-03-29,13,24.7,ecommerce,Salesforce
ORD-001784,CUST-0058,SKU-0048,2026-04-23,12,74.4,rep,SAP
ORD-001785,CUST-0058,SKU-0019,2026-04-23,13,110.5,rep,SAP
ORD-001787,CUST-0058,SKU-0016,2026-04-08,16,192.0,ecommerce,Salesforce
ORD-001788,CUST-0058,SKU-0014,2026-04-08,2,11.0,rep,SAP
ORD-001789,CUST-0058,SKU-0013,2026-04-08,2,5.8,ecommerce,Salesforce
ORD-001790,CUST-0058,SKU-0017,2026-04-08,7,126.0,rep,SAP
ORD-001791,CUST-0058,SKU-0022,2026-05-13,11,88.0,ecommerce,Salesforce
ORD-001792,CUST-0058,SKU-0020,2026-05-13,4,56.0,ecommerce,Salesforce
ORD-001793,CUST-0058,SKU-0016,2026-05-13,17,204.0,rep,SAP
ORD-001794,CUST-0058,SKU-0015,2026-05-13,14,91.0,ecommerce,Salesforce
ORD-001795,CUST-0058,SKU-0037,2026-05-02,13,40.3,ecommerce,Salesforce
ORD-001796,CUST-0058,SKU-0047,2026-05-02,9,115.2,ecommerce,Salesforce
ORD-001797,CUST-0058,SKU-0021,2026-05-02,5,36.0,ecommerce,Salesforce
ORD-001798,CUST-0058,SKU-0046,2026-05-02,12,138.0,ecommerce,Salesforce
ORD-001799,CUST-0058,SKU-0060,2026-03-31,5,22.5,ecommerce,Salesforce
ORD-001800,CUST-0058,SKU-0048,2026-03-31,6,37.2,ecommerce,Salesforce
ORD-001801,CUST-0058,SKU-0013,2025-08-09,4,11.6,ecommerce,Salesforce
ORD-001802,CUST-0058,SKU-0013,2025-08-09,3,8.7,ecommerce,Salesforce
ORD-001805,CUST-0058,SKU-0022,2026-03-13,3,24.0,ecommerce,Salesforce
ORD-001806,CUST-0058,SKU-0017,2026-03-13,19,342.0,ecommerce,Salesforce
ORD-001807,CUST-0058,SKU-0046,2026-03-13,19,218.5,rep,SAP
ORD-001808,CUST-0058,SKU-0055,2026-03-13,7,13.3,ecommerce,Salesforce
ORD-001809,CUST-0058,SKU-0040,2025-11-25,5,24.5,ecommerce,Salesforce
ORD-001810,CUST-0058,SKU-0016,2025-08-07,17,204.0,rep,SAP
ORD-001811,CUST-0058,SKU-0012,2025-08-07,8,38.4,ecommerce,Salesforce
ORD-001812,CUST-0058,SKU-0046,2025-08-07,10,115.0,rep,SAP
ORD-001814,CUST-0058,SKU-0045,2025-09-16,4,26.0,ecommerce,Salesforce
ORD-001815,CUST-0058,SKU-0057,2025-09-16,12,90.0,rep,SAP
ORD-001817,CUST-0058,SKU-0025,2025-09-16,12,42.0,ecommerce,Salesforce
ORD-001818,CUST-0058,SKU-0022,2025-08-12,1,8.0,ecommerce,Salesforce
ORD-001819,CUST-0058,SKU-0059,2025-08-12,9,18.0,ecommerce,Salesforce
ORD-001820,CUST-0058,SKU-0055,2025-12-24,13,24.7,ecommerce,Salesforce
ORD-001822,CUST-0059,SKU-0012,2026-06-14,2,9.6,ecommerce,Salesforce
ORD-001823,CUST-0059,SKU-0046,2026-06-14,6,69.0,rep,SAP
ORD-001824,CUST-0059,SKU-0015,2026-06-14,15,97.5,ecommerce,Salesforce
ORD-001825,CUST-0059,SKU-0023,2026-06-14,7,94.5,ecommerce,Salesforce
ORD-001826,CUST-0059,SKU-0011,2026-01-24,19,60.8,rep,SAP
ORD-001827,CUST-0059,SKU-0037,2026-01-24,14,43.4,rep,SAP
ORD-001828,CUST-0059,SKU-0021,2026-01-24,9,64.8,ecommerce,Salesforce
ORD-001830,CUST-0059,SKU-0020,2025-12-26,9,126.0,ecommerce,Salesforce
ORD-001831,CUST-0059,SKU-0020,2025-12-26,19,266.0,rep,SAP
ORD-001832,CUST-0059,SKU-0012,2025-12-26,3,14.4,ecommerce,Salesforce
ORD-001833,CUST-0059,SKU-0050,2025-12-26,6,21.0,rep,SAP
ORD-001834,CUST-0059,SKU-0022,2026-02-14,10,80.0,rep,SAP
ORD-001835,CUST-0059,SKU-0013,2026-02-14,5,14.5,ecommerce,Salesforce
ORD-001836,CUST-0059,SKU-0013,2026-02-14,19,55.1,ecommerce,Salesforce
ORD-001837,CUST-0059,SKU-0016,2026-02-14,10,120.0,ecommerce,Salesforce
ORD-001838,CUST-0059,SKU-0046,2025-09-23,17,195.5,ecommerce,Salesforce
ORD-001839,CUST-0059,SKU-0003,2025-09-23,19,74.1,ecommerce,Salesforce
ORD-001840,CUST-0059,SKU-0037,2025-09-23,12,37.2,ecommerce,Salesforce
ORD-001841,CUST-0059,SKU-0045,2025-09-23,3,19.5,ecommerce,Salesforce
ORD-001842,CUST-0059,SKU-0040,2025-11-26,6,29.4,ecommerce,Salesforce
ORD-001843,CUST-0059,SKU-0037,2025-11-26,19,58.9,rep,SAP
ORD-001844,CUST-0059,SKU-0011,2025-11-26,6,19.2,ecommerce,Salesforce
ORD-001845,CUST-0059,SKU-0016,2025-11-26,12,144.0,ecommerce,Salesforce
ORD-001846,CUST-0059,SKU-0055,2025-11-10,19,36.1,ecommerce,Salesforce
ORD-001847,CUST-0059,SKU-0017,2026-02-27,12,216.0,ecommerce,Salesforce
ORD-001848,CUST-0059,SKU-0016,2026-02-27,17,204.0,ecommerce,Salesforce
ORD-001849,CUST-0059,SKU-0037,2026-02-27,19,58.9,ecommerce,Salesforce
ORD-001851,CUST-0059,SKU-0009,2025-11-16,11,104.5,rep,SAP
ORD-001852,CUST-0059,SKU-0057,2025-11-16,12,90.0,ecommerce,Salesforce
ORD-001853,CUST-0059,SKU-0016,2025-11-16,6,72.0,ecommerce,Salesforce
ORD-001854,CUST-0059,SKU-0018,2025-11-16,3,18.0,rep,SAP
ORD-001855,CUST-0059,SKU-0011,2025-11-16,16,51.2,ecommerce,Salesforce
ORD-001856,CUST-0060,SKU-0048,2026-07-24,15,93.0,rep,SAP
ORD-001857,CUST-0060,SKU-0017,2026-07-24,5,90.0,ecommerce,Salesforce
ORD-001858,CUST-0060,SKU-0037,2026-07-24,20,62.0,ecommerce,Salesforce
ORD-001859,CUST-0060,SKU-0019,2026-07-24,8,68.0,rep,SAP
ORD-001860,CUST-0060,SKU-0019,2025-12-05,20,170.0,ecommerce,Salesforce
ORD-001861,CUST-0060,SKU-0016,2025-12-05,16,192.0,ecommerce,Salesforce
ORD-001862,CUST-0060,SKU-0048,2025-12-05,6,37.2,ecommerce,Salesforce
ORD-001863,CUST-0060,SKU-0013,2026-02-21,6,17.4,ecommerce,Salesforce
ORD-001864,CUST-0060,SKU-0017,2026-02-21,4,72.0,ecommerce,Salesforce
ORD-001865,CUST-0060,SKU-0011,2026-02-21,11,35.2,ecommerce,Salesforce
ORD-001866,CUST-0060,SKU-0018,2026-02-21,13,78.0,ecommerce,Salesforce
ORD-001868,CUST-0060,SKU-0046,2026-03-12,18,207.0,rep,SAP
ORD-001869,CUST-0060,SKU-0048,2026-03-12,3,18.6,ecommerce,Salesforce
ORD-001870,CUST-0060,SKU-0055,2026-08-04,14,26.6,ecommerce,Salesforce
ORD-001871,CUST-0060,SKU-0056,2026-08-04,12,138.0,ecommerce,Salesforce
ORD-001872,CUST-0060,SKU-0046,2026-08-04,10,115.0,rep,SAP
ORD-001873,CUST-0060,SKU-0046,2026-08-04,14,161.0,ecommerce,Salesforce
ORD-001874,CUST-0060,SKU-0020,2026-08-04,12,168.0,rep,SAP
ORD-001875,CUST-0060,SKU-0020,2026-02-25,5,70.0,rep,SAP
ORD-001876,CUST-0060,SKU-0046,2026-02-25,15,172.5,ecommerce,Salesforce
ORD-001877,CUST-0060,SKU-0017,2026-05-02,12,216.0,ecommerce,Salesforce
ORD-001879,CUST-0060,SKU-0023,2026-05-02,14,189.0,ecommerce,Salesforce
ORD-001880,CUST-0060,SKU-0047,2026-05-02,3,38.4,rep,SAP
ORD-001881,CUST-0060,SKU-0040,2026-05-02,9,44.1,rep,SAP
ORD-001882,CUST-0060,SKU-0017,2026-05-10,19,342.0,ecommerce,Salesforce
ORD-001883,CUST-0060,SKU-0021,2026-05-10,9,64.8,ecommerce,Salesforce
ORD-001884,CUST-0060,SKU-0011,2026-02-27,14,44.8,ecommerce,Salesforce
ORD-001886,CUST-0060,SKU-0054,2026-01-16,11,41.8,ecommerce,Salesforce
ORD-001887,CUST-0060,SKU-0038,2026-08-06,14,77.0,ecommerce,Salesforce
ORD-001888,CUST-0060,SKU-0019,2026-08-06,11,93.5,ecommerce,Salesforce
ORD-001889,CUST-0060,SKU-0056,2026-08-06,7,80.5,ecommerce,Salesforce
ORD-001890,CUST-0060,SKU-0011,2026-08-06,19,60.8,rep,SAP
ORD-001891,CUST-0060,SKU-0012,2026-08-06,7,33.6,rep,SAP
ORD-001892,CUST-0060,SKU-0029,2026-01-09,15,34.5,ecommerce,Salesforce
ORD-001893,CUST-0060,SKU-0048,2026-01-09,14,86.8,rep,SAP
ORD-001894,CUST-0060,SKU-0036,2026-01-09,16,52.8,rep,SAP
ORD-001897,CUST-0061,SKU-0036,2025-10-13,14,46.2,ecommerce,Salesforce
ORD-001898,CUST-0061,SKU-0018,2025-10-13,11,66.0,rep,SAP
ORD-001899,CUST-0061,SKU-0037,2026-07-13,8,24.8,rep,SAP
ORD-001900,CUST-0061,SKU-0013,2026-07-13,6,17.4,ecommerce,Salesforce
ORD-001901,CUST-0061,SKU-0049,2026-07-13,15,117.0,ecommerce,Salesforce
ORD-001902,CUST-0061,SKU-0048,2025-09-26,14,86.8,ecommerce,Salesforce
ORD-001903,CUST-0061,SKU-0060,2025-09-26,3,13.5,ecommerce,Salesforce
ORD-001904,CUST-0061,SKU-0021,2025-09-26,20,144.0,ecommerce,Salesforce
ORD-001906,CUST-0061,SKU-0057,2026-07-07,6,45.0,ecommerce,Salesforce
ORD-001907,CUST-0061,SKU-0014,2026-07-07,11,60.5,ecommerce,Salesforce
ORD-001908,CUST-0061,SKU-0055,2026-07-07,15,28.5,ecommerce,Salesforce
ORD-001909,CUST-0061,SKU-0051,2026-07-07,6,25.2,rep,SAP
ORD-001910,CUST-0061,SKU-0056,2025-10-02,6,69.0,ecommerce,Salesforce
ORD-001915,CUST-0061,SKU-0015,2026-06-25,5,32.5,rep,SAP
ORD-001916,CUST-0061,SKU-0054,2026-06-25,6,22.8,ecommerce,Salesforce
ORD-001917,CUST-0061,SKU-0057,2026-06-25,16,120.0,ecommerce,Salesforce
ORD-001918,CUST-0061,SKU-0018,2026-06-25,16,96.0,rep,SAP
ORD-001919,CUST-0061,SKU-0056,2026-01-29,9,103.5,ecommerce,Salesforce
ORD-001920,CUST-0061,SKU-0010,2026-01-29,17,98.6,ecommerce,Salesforce
ORD-001921,CUST-0061,SKU-0045,2026-01-29,10,65.0,rep,SAP
ORD-001922,CUST-0061,SKU-0045,2026-06-27,5,32.5,rep,SAP
ORD-001923,CUST-0061,SKU-0048,2026-06-27,9,55.8,ecommerce,Salesforce
ORD-001924,CUST-0061,SKU-0013,2026-06-27,19,55.1,ecommerce,Salesforce
ORD-001925,CUST-0061,SKU-0021,2026-04-24,12,86.4,ecommerce,Salesforce
ORD-001926,CUST-0061,SKU-0034,2026-04-24,13,28.6,rep,SAP
ORD-001927,CUST-0061,SKU-0055,2026-04-24,6,11.4,ecommerce,Salesforce
ORD-001928,CUST-0061,SKU-0017,2026-04-24,8,144.0,ecommerce,Salesforce
ORD-001929,CUST-0061,SKU-0020,2026-04-24,7,98.0,ecommerce,Salesforce
ORD-001930,CUST-0061,SKU-0055,2026-06-29,17,32.3,rep,SAP
ORD-001931,CUST-0061,SKU-0017,2026-02-09,17,306.0,ecommerce,Salesforce
ORD-001932,CUST-0061,SKU-0052,2026-05-07,2,10.0,ecommerce,Salesforce
ORD-001933,CUST-0061,SKU-0021,2026-05-07,8,57.6,ecommerce,Salesforce
ORD-001934,CUST-0061,SKU-0023,2026-05-07,18,243.0,ecommerce,Salesforce
ORD-001935,CUST-0061,SKU-0059,2026-05-07,3,6.0,rep,SAP
ORD-001936,CUST-0061,SKU-0016,2026-05-07,8,96.0,ecommerce,Salesforce
ORD-001937,CUST-0062,SKU-0004,2025-09-26,11,35.2,rep,SAP
ORD-001938,CUST-0062,SKU-0012,2025-09-26,16,76.8,ecommerce,Salesforce
ORD-001939,CUST-0062,SKU-0045,2025-09-26,19,123.5,ecommerce,Salesforce
ORD-001940,CUST-0062,SKU-0047,2025-09-26,15,192.0,rep,SAP
ORD-001941,CUST-0062,SKU-0040,2025-09-26,15,73.5,rep,SAP
ORD-001942,CUST-0062,SKU-0021,2026-03-03,11,79.2,ecommerce,Salesforce
ORD-001943,CUST-0062,SKU-0020,2026-03-03,9,126.0,rep,SAP
ORD-001944,CUST-0062,SKU-0060,2026-03-03,10,45.0,ecommerce,Salesforce
ORD-001946,CUST-0062,SKU-0013,2026-03-03,6,17.4,ecommerce,Salesforce
ORD-001947,CUST-0062,SKU-0029,2026-01-09,11,25.3,ecommerce,Salesforce
ORD-001948,CUST-0062,SKU-0049,2025-11-08,8,62.4,ecommerce,Salesforce
ORD-001950,CUST-0062,SKU-0013,2025-11-22,7,20.3,rep,SAP
ORD-001951,CUST-0062,SKU-0040,2025-11-22,6,29.4,ecommerce,Salesforce
ORD-001952,CUST-0062,SKU-0037,2025-11-22,9,27.9,ecommerce,Salesforce
ORD-001953,CUST-0062,SKU-0054,2025-11-22,10,38.0,ecommerce,Salesforce
ORD-001954,CUST-0062,SKU-0054,2025-11-22,11,41.8,ecommerce,Salesforce
ORD-001956,CUST-0062,SKU-0050,2026-02-24,9,31.5,ecommerce,Salesforce
ORD-001957,CUST-0062,SKU-0023,2026-02-24,10,135.0,rep,SAP
ORD-001958,CUST-0062,SKU-0046,2026-02-24,18,207.0,ecommerce,Salesforce
ORD-001959,CUST-0062,SKU-0012,2025-11-25,3,14.4,ecommerce,Salesforce
ORD-001960,CUST-0062,SKU-0055,2025-11-25,2,3.8,rep,SAP
ORD-001962,CUST-0062,SKU-0015,2025-11-25,2,13.0,ecommerce,Salesforce
ORD-001963,CUST-0062,SKU-0012,2025-11-25,16,76.8,ecommerce,Salesforce
ORD-001964,CUST-0062,SKU-0056,2026-01-20,5,57.5,ecommerce,Salesforce
ORD-001965,CUST-0062,SKU-0014,2026-01-20,11,60.5,ecommerce,Salesforce
ORD-001966,CUST-0062,SKU-0023,2026-01-20,1,13.5,ecommerce,Salesforce
ORD-001967,CUST-0062,SKU-0045,2026-01-20,11,71.5,rep,SAP
ORD-001968,CUST-0062,SKU-0014,2026-03-23,15,82.5,ecommerce,Salesforce
ORD-001972,CUST-0062,SKU-0055,2025-09-06,10,19.0,ecommerce,Salesforce
ORD-001973,CUST-0062,SKU-0037,2025-09-06,3,9.3,rep,SAP
ORD-001974,CUST-0062,SKU-0020,2025-09-06,19,266.0,rep,SAP
ORD-001975,CUST-0062,SKU-0049,2025-09-06,3,23.4,rep,SAP
ORD-001976,CUST-0063,SKU-0048,2026-04-02,5,31.0,ecommerce,Salesforce
ORD-001977,CUST-0063,SKU-0056,2026-04-02,17,195.5,rep,SAP
ORD-001978,CUST-0063,SKU-0057,2026-04-02,1,7.5,ecommerce,Salesforce
ORD-001979,CUST-0063,SKU-0011,2026-04-02,1,3.2,ecommerce,Salesforce
ORD-001980,CUST-0063,SKU-0056,2025-12-17,7,80.5,rep,SAP
ORD-001981,CUST-0063,SKU-0021,2025-12-17,7,50.4,rep,SAP
ORD-001983,CUST-0063,SKU-0043,2026-01-21,7,23.8,ecommerce,Salesforce
ORD-001984,CUST-0063,SKU-0015,2026-01-21,7,45.5,rep,SAP
ORD-001985,CUST-0063,SKU-0029,2026-01-21,4,9.2,rep,SAP
ORD-001986,CUST-0063,SKU-0056,2026-03-22,13,149.5,ecommerce,Salesforce
ORD-001987,CUST-0063,SKU-0015,2026-03-22,6,39.0,ecommerce,Salesforce
ORD-001988,CUST-0063,SKU-0015,2026-04-28,16,104.0,rep,SAP
ORD-001989,CUST-0063,SKU-0057,2026-01-16,17,127.5,ecommerce,Salesforce
ORD-001990,CUST-0063,SKU-0011,2026-01-16,1,3.2,ecommerce,Salesforce
ORD-001991,CUST-0063,SKU-0007,2026-01-16,12,26.4,ecommerce,Salesforce
ORD-001992,CUST-0063,SKU-0023,2026-01-16,8,108.0,rep,SAP
ORD-001994,CUST-0063,SKU-0016,2026-07-02,19,228.0,ecommerce,Salesforce
ORD-001995,CUST-0063,SKU-0011,2026-07-02,2,6.4,ecommerce,Salesforce
ORD-001998,CUST-0063,SKU-0002,2026-03-09,16,76.8,ecommerce,Salesforce
ORD-002000,CUST-0063,SKU-0018,2026-02-14,2,12.0,ecommerce,Salesforce
ORD-002001,CUST-0063,SKU-0011,2026-02-14,6,19.2,ecommerce,Salesforce
ORD-002002,CUST-0064,SKU-0008,2025-09-23,16,33.6,ecommerce,Salesforce
ORD-002004,CUST-0064,SKU-0056,2025-09-23,9,103.5,ecommerce,Salesforce
ORD-002006,CUST-0064,SKU-0021,2026-05-26,5,36.0,ecommerce,Salesforce
ORD-002007,CUST-0064,SKU-0045,2026-05-26,20,130.0,ecommerce,Salesforce
ORD-002008,CUST-0064,SKU-0045,2025-11-09,5,32.5,ecommerce,Salesforce
ORD-002009,CUST-0064,SKU-0019,2025-11-09,13,110.5,ecommerce,Salesforce
ORD-002011,CUST-0064,SKU-0040,2025-12-06,16,78.4,ecommerce,Salesforce
ORD-002012,CUST-0064,SKU-0037,2025-12-06,15,46.5,rep,SAP
ORD-002013,CUST-0064,SKU-0023,2025-12-19,17,229.5,rep,SAP
ORD-002014,CUST-0064,SKU-0017,2025-12-19,11,198.0,rep,SAP
ORD-002015,CUST-0064,SKU-0020,2025-12-19,11,154.0,rep,SAP
ORD-002016,CUST-0064,SKU-0028,2025-12-19,1,5.2,rep,SAP
ORD-002017,CUST-0064,SKU-0012,2025-12-19,4,19.2,ecommerce,Salesforce
ORD-002019,CUST-0064,SKU-0033,2026-01-31,7,31.5,ecommerce,Salesforce
ORD-002020,CUST-0064,SKU-0013,2026-01-31,12,34.8,ecommerce,Salesforce
ORD-002022,CUST-0064,SKU-0013,2026-05-22,4,11.6,ecommerce,Salesforce
ORD-002025,CUST-0064,SKU-0037,2026-05-22,16,49.6,ecommerce,Salesforce
ORD-002026,CUST-0064,SKU-0060,2026-01-07,10,45.0,ecommerce,Salesforce
ORD-002027,CUST-0064,SKU-0013,2026-06-07,5,14.5,ecommerce,Salesforce
ORD-002028,CUST-0065,SKU-0044,2026-02-23,7,62.3,ecommerce,Salesforce
ORD-002029,CUST-0065,SKU-0016,2026-02-23,13,156.0,ecommerce,Salesforce
ORD-002030,CUST-0065,SKU-0023,2026-07-17,11,148.5,ecommerce,Salesforce
ORD-002031,CUST-0065,SKU-0059,2026-07-17,20,40.0,ecommerce,Salesforce
ORD-002032,CUST-0065,SKU-0026,2026-01-06,3,18.6,rep,SAP
ORD-002033,CUST-0065,SKU-0003,2026-01-28,13,50.7,rep,SAP
ORD-002034,CUST-0065,SKU-0044,2026-01-28,6,53.4,rep,SAP
ORD-002035,CUST-0065,SKU-0049,2026-01-28,10,78.0,ecommerce,Salesforce
ORD-002037,CUST-0065,SKU-0059,2026-06-11,9,18.0,rep,SAP
ORD-002038,CUST-0065,SKU-0041,2026-06-11,17,76.5,ecommerce,Salesforce
ORD-002040,CUST-0065,SKU-0027,2026-06-11,19,79.8,ecommerce,Salesforce
ORD-002041,CUST-0065,SKU-0044,2026-08-04,17,151.3,rep,SAP
ORD-002042,CUST-0065,SKU-0043,2026-08-04,4,13.6,ecommerce,Salesforce
ORD-002044,CUST-0065,SKU-0024,2026-08-04,12,42.0,ecommerce,Salesforce
ORD-002045,CUST-0065,SKU-0003,2026-03-30,13,50.7,rep,SAP
ORD-002046,CUST-0065,SKU-0043,2026-03-30,1,3.4,ecommerce,Salesforce
ORD-002048,CUST-0065,SKU-0055,2026-03-30,9,17.1,ecommerce,Salesforce
ORD-002049,CUST-0065,SKU-0023,2026-03-30,15,202.5,rep,SAP
ORD-002052,CUST-0065,SKU-0034,2026-07-30,10,22.0,ecommerce,Salesforce
ORD-002054,CUST-0065,SKU-0057,2026-06-30,15,112.5,rep,SAP
ORD-002055,CUST-0065,SKU-0021,2026-06-30,1,7.2,ecommerce,Salesforce
ORD-002056,CUST-0065,SKU-0045,2026-06-30,18,117.0,ecommerce,Salesforce
ORD-002058,CUST-0066,SKU-0016,2026-02-26,11,132.0,ecommerce,Salesforce
ORD-002060,CUST-0066,SKU-0055,2026-02-26,2,3.8,ecommerce,Salesforce
ORD-002061,CUST-0066,SKU-0002,2026-02-26,16,76.8,ecommerce,Salesforce
ORD-002062,CUST-0066,SKU-0029,2025-11-27,7,16.1,ecommerce,Salesforce
ORD-002063,CUST-0066,SKU-0055,2025-11-27,20,38.0,ecommerce,Salesforce
ORD-002064,CUST-0066,SKU-0013,2026-05-18,14,40.6,ecommerce,Salesforce
ORD-002065,CUST-0066,SKU-0028,2026-05-18,12,62.4,rep,SAP
ORD-002068,CUST-0066,SKU-0033,2026-05-18,16,72.0,ecommerce,Salesforce
ORD-002069,CUST-0066,SKU-0046,2026-06-12,18,207.0,rep,SAP
ORD-002070,CUST-0066,SKU-0041,2026-06-12,20,90.0,ecommerce,Salesforce
ORD-002071,CUST-0066,SKU-0036,2025-09-09,2,6.6,rep,SAP
ORD-002072,CUST-0066,SKU-0005,2025-09-09,12,40.8,ecommerce,Salesforce
ORD-002073,CUST-0066,SKU-0047,2026-05-25,1,12.8,rep,SAP
ORD-002074,CUST-0066,SKU-0009,2026-05-25,13,123.5,ecommerce,Salesforce
ORD-002076,CUST-0066,SKU-0044,2026-03-03,19,169.1,ecommerce,Salesforce
ORD-002077,CUST-0066,SKU-0040,2026-03-03,4,19.6,rep,SAP
ORD-002078,CUST-0066,SKU-0022,2025-09-08,8,64.0,rep,SAP
ORD-002080,CUST-0066,SKU-0022,2025-09-08,3,24.0,ecommerce,Salesforce
ORD-002081,CUST-0066,SKU-0044,2025-09-08,13,115.7,rep,SAP
ORD-002082,CUST-0066,SKU-0016,2025-09-08,4,48.0,ecommerce,Salesforce
ORD-002083,CUST-0066,SKU-0023,2026-03-15,13,175.5,ecommerce,Salesforce
ORD-002084,CUST-0066,SKU-0003,2026-03-15,15,58.5,rep,SAP
ORD-002085,CUST-0066,SKU-0043,2026-03-15,2,6.8,ecommerce,Salesforce
ORD-002086,CUST-0067,SKU-0028,2026-05-04,1,5.2,rep,SAP
ORD-002087,CUST-0067,SKU-0013,2026-02-14,20,58.0,ecommerce,Salesforce
ORD-002088,CUST-0067,SKU-0059,2026-01-30,5,10.0,ecommerce,Salesforce
ORD-002089,CUST-0067,SKU-0024,2026-03-20,20,70.0,ecommerce,Salesforce
ORD-002090,CUST-0067,SKU-0008,2026-03-20,10,21.0,rep,SAP
ORD-002091,CUST-0067,SKU-0020,2026-07-22,16,224.0,ecommerce,Salesforce
ORD-002092,CUST-0067,SKU-0018,2026-07-22,18,108.0,rep,SAP
ORD-002095,CUST-0067,SKU-0059,2025-10-05,17,34.0,ecommerce,Salesforce
ORD-002096,CUST-0067,SKU-0037,2025-10-05,19,58.9,rep,SAP
ORD-002097,CUST-0067,SKU-0042,2025-10-05,7,50.4,ecommerce,Salesforce
ORD-002098,CUST-0067,SKU-0028,2025-11-16,13,67.6,ecommerce,Salesforce
ORD-002099,CUST-0067,SKU-0003,2025-11-16,18,70.2,ecommerce,Salesforce
ORD-002100,CUST-0067,SKU-0057,2025-11-16,2,15.0,ecommerce,Salesforce
ORD-002101,CUST-0067,SKU-0048,2025-09-21,19,117.8,ecommerce,Salesforce
ORD-002102,CUST-0067,SKU-0035,2025-09-21,1,2.3,ecommerce,Salesforce
ORD-002103,CUST-0067,SKU-0059,2025-09-21,14,28.0,rep,SAP
ORD-002104,CUST-0068,SKU-0002,2026-04-24,4,19.2,ecommerce,Salesforce
ORD-002105,CUST-0068,SKU-0015,2026-04-24,7,45.5,ecommerce,Salesforce
ORD-002106,CUST-0068,SKU-0041,2026-04-24,7,31.5,rep,SAP
ORD-002108,CUST-0068,SKU-0026,2025-12-01,2,12.4,ecommerce,Salesforce
ORD-002110,CUST-0068,SKU-0018,2025-12-01,1,6.0,ecommerce,Salesforce
ORD-002111,CUST-0068,SKU-0032,2025-12-27,9,32.4,ecommerce,Salesforce
ORD-002112,CUST-0068,SKU-0026,2025-12-27,8,49.6,ecommerce,Salesforce
ORD-002113,CUST-0068,SKU-0016,2025-10-27,9,108.0,rep,SAP
ORD-002114,CUST-0068,SKU-0040,2025-10-27,10,49.0,ecommerce,Salesforce
ORD-002115,CUST-0068,SKU-0041,2025-10-27,7,31.5,rep,SAP
ORD-002116,CUST-0068,SKU-0060,2025-10-27,2,9.0,ecommerce,Salesforce
ORD-002118,CUST-0068,SKU-0026,2025-12-08,15,93.0,ecommerce,Salesforce
ORD-002119,CUST-0068,SKU-0050,2025-12-08,7,24.5,rep,SAP
ORD-002120,CUST-0068,SKU-0002,2025-12-08,11,52.8,rep,SAP
ORD-002121,CUST-0068,SKU-0027,2025-12-08,2,8.4,ecommerce,Salesforce
ORD-002122,CUST-0068,SKU-0022,2026-01-03,11,88.0,ecommerce,Salesforce
ORD-002123,CUST-0068,SKU-0005,2026-01-03,8,27.2,ecommerce,Salesforce
ORD-002124,CUST-0068,SKU-0015,2026-01-03,4,26.0,ecommerce,Salesforce
ORD-002127,CUST-0068,SKU-0049,2026-05-24,2,15.6,ecommerce,Salesforce
ORD-002130,CUST-0069,SKU-0055,2026-04-07,18,34.2,rep,SAP
ORD-002131,CUST-0069,SKU-0037,2026-04-07,9,27.9,rep,SAP
ORD-002132,CUST-0069,SKU-0016,2026-04-07,2,24.0,ecommerce,Salesforce
ORD-002133,CUST-0069,SKU-0009,2026-05-11,12,114.0,ecommerce,Salesforce
ORD-002134,CUST-0069,SKU-0030,2026-05-11,15,34.5,ecommerce,Salesforce
ORD-002135,CUST-0069,SKU-0026,2026-02-09,17,105.4,ecommerce,Salesforce
ORD-002136,CUST-0069,SKU-0034,2026-02-09,15,33.0,ecommerce,Salesforce
ORD-002137,CUST-0069,SKU-0016,2026-02-09,13,156.0,ecommerce,Salesforce
ORD-002138,CUST-0069,SKU-0024,2026-07-06,7,24.5,ecommerce,Salesforce
ORD-002139,CUST-0069,SKU-0036,2026-07-06,14,46.2,ecommerce,Salesforce
ORD-002140,CUST-0069,SKU-0044,2026-07-06,6,53.4,ecommerce,Salesforce
ORD-002141,CUST-0069,SKU-0037,2026-07-06,19,58.9,rep,SAP
ORD-002142,CUST-0069,SKU-0055,2026-03-05,11,20.9,ecommerce,Salesforce
ORD-002143,CUST-0069,SKU-0047,2026-03-05,4,51.2,rep,SAP
ORD-002146,CUST-0069,SKU-0035,2025-11-18,11,25.3,rep,SAP
ORD-002148,CUST-0069,SKU-0028,2025-09-27,8,41.6,rep,SAP
ORD-002149,CUST-0069,SKU-0025,2025-09-27,2,7.0,ecommerce,Salesforce
ORD-002152,CUST-0069,SKU-0015,2026-04-15,12,78.0,ecommerce,Salesforce
ORD-002153,CUST-0069,SKU-0026,2026-04-15,4,24.8,rep,SAP
ORD-002155,CUST-0069,SKU-0026,2026-04-15,12,74.4,rep,SAP
ORD-002156,CUST-0069,SKU-0041,2026-04-15,11,49.5,rep,SAP
ORD-002159,CUST-0069,SKU-0001,2025-12-07,19,85.5,ecommerce,Salesforce
ORD-002161,CUST-0069,SKU-0051,2026-04-04,14,58.8,ecommerce,Salesforce
ORD-002162,CUST-0069,SKU-0047,2026-04-04,9,115.2,ecommerce,Salesforce
ORD-002164,CUST-0069,SKU-0007,2025-08-18,8,17.6,ecommerce,Salesforce
ORD-002165,CUST-0069,SKU-0020,2025-08-18,3,42.0,ecommerce,Salesforce
ORD-002166,CUST-0069,SKU-0032,2026-01-28,4,14.4,ecommerce,Salesforce
ORD-002167,CUST-0069,SKU-0002,2026-01-28,3,14.4,rep,SAP
ORD-002168,CUST-0069,SKU-0022,2026-01-28,2,16.0,rep,SAP
ORD-002169,CUST-0069,SKU-0055,2026-01-28,7,13.3,rep,SAP
ORD-002170,CUST-0069,SKU-0031,2026-01-28,10,65.0,rep,SAP
ORD-002171,CUST-0069,SKU-0001,2025-09-07,6,27.0,rep,SAP
ORD-002172,CUST-0069,SKU-0037,2025-09-07,7,21.7,ecommerce,Salesforce
ORD-002173,CUST-0069,SKU-0034,2025-09-07,8,17.6,ecommerce,Salesforce
ORD-002174,CUST-0069,SKU-0036,2025-09-07,10,33.0,ecommerce,Salesforce
ORD-002175,CUST-0070,SKU-0017,2025-12-08,6,108.0,ecommerce,Salesforce
ORD-002176,CUST-0070,SKU-0043,2025-12-08,14,47.6,ecommerce,Salesforce
ORD-002177,CUST-0070,SKU-0001,2025-12-08,3,13.5,ecommerce,Salesforce
ORD-002178,CUST-0070,SKU-0045,2025-12-08,20,130.0,ecommerce,Salesforce
ORD-002179,CUST-0070,SKU-0018,2025-12-08,12,72.0,rep,SAP
ORD-002180,CUST-0070,SKU-0021,2026-04-19,18,129.6,rep,SAP
ORD-002182,CUST-0070,SKU-0035,2026-04-19,15,34.5,ecommerce,Salesforce
ORD-002183,CUST-0070,SKU-0056,2026-02-20,5,57.5,rep,SAP
ORD-002184,CUST-0070,SKU-0010,2026-02-20,13,75.4,ecommerce,Salesforce
ORD-002186,CUST-0070,SKU-0041,2026-02-20,16,72.0,ecommerce,Salesforce
ORD-002187,CUST-0070,SKU-0057,2025-08-18,18,135.0,ecommerce,Salesforce
ORD-002188,CUST-0070,SKU-0033,2025-08-18,14,63.0,rep,SAP
ORD-002189,CUST-0070,SKU-0004,2025-08-18,12,38.4,rep,SAP
ORD-002190,CUST-0070,SKU-0044,2025-08-18,10,89.0,ecommerce,Salesforce
ORD-002191,CUST-0070,SKU-0003,2026-04-17,6,23.4,ecommerce,Salesforce
ORD-002192,CUST-0070,SKU-0043,2026-04-17,5,17.0,ecommerce,Salesforce
ORD-002193,CUST-0070,SKU-0025,2026-02-14,1,3.5,ecommerce,Salesforce
ORD-002195,CUST-0070,SKU-0036,2026-06-27,11,36.3,ecommerce,Salesforce
ORD-002196,CUST-0070,SKU-0034,2026-06-27,19,41.8,rep,SAP
ORD-002198,CUST-0070,SKU-0041,2026-06-27,5,22.5,ecommerce,Salesforce
ORD-002199,CUST-0070,SKU-0015,2026-04-15,15,97.5,ecommerce,Salesforce
ORD-002200,CUST-0070,SKU-0046,2026-04-15,5,57.5,ecommerce,Salesforce
ORD-002201,CUST-0070,SKU-0019,2026-04-15,11,93.5,ecommerce,Salesforce
ORD-002202,CUST-0070,SKU-0017,2026-04-15,16,288.0,rep,SAP
ORD-002203,CUST-0070,SKU-0042,2026-05-08,7,50.4,rep,SAP
ORD-002204,CUST-0070,SKU-0047,2026-05-08,7,89.6,ecommerce,Salesforce
ORD-002205,CUST-0070,SKU-0003,2025-12-12,9,35.1,ecommerce,Salesforce
ORD-002207,CUST-0070,SKU-0036,2025-12-12,6,19.8,ecommerce,Salesforce
ORD-002208,CUST-0070,SKU-0018,2025-12-12,9,54.0,ecommerce,Salesforce
ORD-002209,CUST-0071,SKU-0001,2025-10-29,2,9.0,rep,SAP
ORD-002210,CUST-0071,SKU-0057,2025-10-29,13,97.5,ecommerce,Salesforce
ORD-002211,CUST-0071,SKU-0026,2025-10-29,11,68.2,ecommerce,Salesforce
ORD-002212,CUST-0071,SKU-0040,2025-10-29,19,93.1,ecommerce,Salesforce
ORD-002215,CUST-0071,SKU-0032,2025-10-17,3,10.8,ecommerce,Salesforce
ORD-002217,CUST-0071,SKU-0059,2026-05-02,9,18.0,ecommerce,Salesforce
ORD-002218,CUST-0071,SKU-0001,2026-05-02,8,36.0,ecommerce,Salesforce
ORD-002219,CUST-0071,SKU-0010,2026-05-02,5,29.0,ecommerce,Salesforce
ORD-002220,CUST-0071,SKU-0018,2026-06-27,1,6.0,ecommerce,Salesforce
ORD-002221,CUST-0071,SKU-0002,2026-06-27,19,91.2,ecommerce,Salesforce
ORD-002222,CUST-0071,SKU-0054,2026-06-27,3,11.4,ecommerce,Salesforce
ORD-002223,CUST-0071,SKU-0011,2026-06-27,13,41.6,ecommerce,Salesforce
ORD-002224,CUST-0071,SKU-0040,2026-06-24,13,63.7,ecommerce,Salesforce
ORD-002225,CUST-0071,SKU-0016,2026-06-24,11,132.0,rep,SAP
ORD-002226,CUST-0071,SKU-0024,2026-06-24,15,52.5,ecommerce,Salesforce
ORD-002227,CUST-0071,SKU-0027,2026-06-24,6,25.2,ecommerce,Salesforce
ORD-002228,CUST-0071,SKU-0022,2026-06-24,19,152.0,rep,SAP
ORD-002229,CUST-0071,SKU-0053,2026-07-26,10,42.0,ecommerce,Salesforce
ORD-002230,CUST-0071,SKU-0016,2026-07-26,17,204.0,ecommerce,Salesforce
ORD-002231,CUST-0071,SKU-0032,2025-11-07,15,54.0,rep,SAP
ORD-002232,CUST-0071,SKU-0035,2025-11-07,18,41.4,ecommerce,Salesforce
ORD-002233,CUST-0071,SKU-0020,2025-11-07,20,280.0,ecommerce,Salesforce
ORD-002234,CUST-0071,SKU-0003,2025-08-22,1,3.9,ecommerce,Salesforce
ORD-002235,CUST-0071,SKU-0020,2025-08-22,2,28.0,ecommerce,Salesforce
ORD-002236,CUST-0071,SKU-0048,2025-08-22,12,74.4,ecommerce,Salesforce
ORD-002237,CUST-0071,SKU-0001,2025-08-22,10,45.0,ecommerce,Salesforce
ORD-002238,CUST-0071,SKU-0052,2025-08-22,7,35.0,ecommerce,Salesforce
ORD-002239,CUST-0071,SKU-0060,2026-07-22,16,72.0,ecommerce,Salesforce
ORD-002240,CUST-0071,SKU-0038,2025-12-05,18,99.0,ecommerce,Salesforce
ORD-002241,CUST-0071,SKU-0047,2025-12-05,5,64.0,ecommerce,Salesforce
ORD-002242,CUST-0071,SKU-0041,2025-12-05,14,63.0,rep,SAP
ORD-002244,CUST-0072,SKU-0013,2026-08-05,9,26.1,ecommerce,Salesforce
ORD-002246,CUST-0072,SKU-0036,2026-08-05,16,52.8,rep,SAP
ORD-002247,CUST-0072,SKU-0018,2025-08-31,16,96.0,ecommerce,Salesforce
ORD-002248,CUST-0072,SKU-0047,2025-08-31,18,230.4,ecommerce,Salesforce
ORD-002249,CUST-0072,SKU-0026,2025-08-31,19,117.8,ecommerce,Salesforce
ORD-002250,CUST-0072,SKU-0036,2026-01-31,14,46.2,ecommerce,Salesforce
ORD-002251,CUST-0072,SKU-0034,2026-01-31,12,26.4,ecommerce,Salesforce
ORD-002253,CUST-0072,SKU-0021,2026-06-23,7,50.4,rep,SAP
ORD-002254,CUST-0072,SKU-0057,2026-06-23,4,30.0,rep,SAP
ORD-002255,CUST-0072,SKU-0040,2026-04-30,6,29.4,rep,SAP
ORD-002260,CUST-0072,SKU-0028,2026-07-28,7,36.4,ecommerce,Salesforce
ORD-002261,CUST-0072,SKU-0002,2026-07-28,1,4.8,ecommerce,Salesforce
ORD-002262,CUST-0072,SKU-0001,2026-07-28,9,40.5,ecommerce,Salesforce
ORD-002263,CUST-0072,SKU-0017,2026-02-06,13,234.0,ecommerce,Salesforce
ORD-002264,CUST-0072,SKU-0044,2026-02-06,19,169.1,ecommerce,Salesforce
ORD-002265,CUST-0072,SKU-0017,2026-02-06,1,18.0,ecommerce,Salesforce
ORD-002266,CUST-0072,SKU-0049,2026-02-06,18,140.4,rep,SAP
ORD-002267,CUST-0072,SKU-0044,2026-06-03,16,142.4,rep,SAP
ORD-002268,CUST-0072,SKU-0049,2026-06-03,3,23.4,ecommerce,Salesforce
ORD-002269,CUST-0072,SKU-0041,2026-06-03,13,58.5,rep,SAP
ORD-002270,CUST-0072,SKU-0003,2026-06-03,11,42.9,ecommerce,Salesforce
ORD-002271,CUST-0072,SKU-0014,2026-06-03,20,110.0,ecommerce,Salesforce
ORD-002272,CUST-0072,SKU-0050,2025-10-11,1,3.5,rep,SAP
ORD-002274,CUST-0072,SKU-0003,2025-10-11,19,74.1,ecommerce,Salesforce
ORD-002275,CUST-0072,SKU-0028,2025-10-11,6,31.2,ecommerce,Salesforce
ORD-002276,CUST-0072,SKU-0020,2025-10-11,7,98.0,ecommerce,Salesforce
ORD-002277,CUST-0073,SKU-0003,2026-07-07,10,39.0,ecommerce,Salesforce
ORD-002279,CUST-0073,SKU-0019,2025-10-05,15,127.5,ecommerce,Salesforce
ORD-002280,CUST-0073,SKU-0058,2026-03-15,12,62.4,ecommerce,Salesforce
ORD-002282,CUST-0073,SKU-0021,2026-07-13,4,28.8,ecommerce,Salesforce
ORD-002283,CUST-0073,SKU-0055,2026-07-13,18,34.2,ecommerce,Salesforce
ORD-002284,CUST-0073,SKU-0037,2026-07-13,4,12.4,ecommerce,Salesforce
ORD-002285,CUST-0073,SKU-0024,2025-10-21,12,42.0,ecommerce,Salesforce
ORD-002287,CUST-0073,SKU-0055,2025-10-21,7,13.3,ecommerce,Salesforce
ORD-002288,CUST-0073,SKU-0036,2026-04-09,18,59.4,rep,SAP
ORD-002290,CUST-0073,SKU-0032,2026-05-23,8,28.8,rep,SAP
ORD-002291,CUST-0073,SKU-0003,2026-05-23,11,42.9,rep,SAP
ORD-002292,CUST-0073,SKU-0021,2026-07-16,16,115.2,ecommerce,Salesforce
ORD-002293,CUST-0073,SKU-0042,2026-07-16,6,43.2,ecommerce,Salesforce
ORD-002294,CUST-0073,SKU-0041,2026-07-16,20,90.0,ecommerce,Salesforce
ORD-002295,CUST-0073,SKU-0003,2025-09-19,12,46.8,ecommerce,Salesforce
ORD-002297,CUST-0073,SKU-0055,2026-04-04,11,20.9,ecommerce,Salesforce
ORD-002299,CUST-0073,SKU-0034,2026-04-04,11,24.2,rep,SAP
ORD-002300,CUST-0073,SKU-0016,2026-04-04,11,132.0,ecommerce,Salesforce
ORD-002301,CUST-0073,SKU-0027,2026-04-04,20,84.0,rep,SAP
ORD-002302,CUST-0074,SKU-0054,2026-01-05,18,68.4,ecommerce,Salesforce
ORD-002303,CUST-0074,SKU-0020,2026-01-05,10,140.0,ecommerce,Salesforce
ORD-002304,CUST-0074,SKU-0032,2026-06-27,8,28.8,ecommerce,Salesforce
ORD-002305,CUST-0074,SKU-0030,2026-06-27,18,41.4,ecommerce,Salesforce
ORD-002306,CUST-0074,SKU-0041,2026-06-27,18,81.0,rep,SAP
ORD-002307,CUST-0074,SKU-0030,2025-11-11,18,41.4,ecommerce,Salesforce
ORD-002308,CUST-0074,SKU-0023,2025-11-11,2,27.0,rep,SAP
ORD-002309,CUST-0074,SKU-0041,2025-11-11,14,63.0,ecommerce,Salesforce
ORD-002310,CUST-0074,SKU-0001,2025-11-07,3,13.5,ecommerce,Salesforce
ORD-002312,CUST-0074,SKU-0001,2025-12-22,11,49.5,rep,SAP
ORD-002313,CUST-0074,SKU-0023,2025-12-30,18,243.0,ecommerce,Salesforce
ORD-002315,CUST-0074,SKU-0002,2025-12-30,3,14.4,ecommerce,Salesforce
ORD-002316,CUST-0074,SKU-0052,2025-12-30,16,80.0,ecommerce,Salesforce
ORD-002317,CUST-0074,SKU-0021,2026-03-03,8,57.6,ecommerce,Salesforce
ORD-002318,CUST-0074,SKU-0044,2026-03-03,20,178.0,rep,SAP
ORD-002319,CUST-0074,SKU-0027,2025-12-03,15,63.0,ecommerce,Salesforce
ORD-002320,CUST-0074,SKU-0002,2026-02-19,18,86.4,rep,SAP
ORD-002321,CUST-0074,SKU-0036,2026-02-19,11,36.3,ecommerce,Salesforce
ORD-002322,CUST-0074,SKU-0044,2026-02-19,7,62.3,ecommerce,Salesforce
ORD-002323,CUST-0074,SKU-0026,2026-02-19,13,80.6,ecommerce,Salesforce
ORD-002325,CUST-0074,SKU-0041,2025-08-19,1,4.5,ecommerce,Salesforce
ORD-002326,CUST-0074,SKU-0033,2025-08-19,15,67.5,rep,SAP
ORD-002327,CUST-0074,SKU-0023,2025-08-19,12,162.0,rep,SAP
ORD-002328,CUST-0074,SKU-0060,2025-08-19,20,90.0,ecommerce,Salesforce
ORD-002329,CUST-0074,SKU-0032,2025-08-19,2,7.2,rep,SAP
ORD-002330,CUST-0074,SKU-0003,2025-10-27,3,11.7,ecommerce,Salesforce
ORD-002331,CUST-0074,SKU-0028,2025-10-22,6,31.2,ecommerce,Salesforce
ORD-002332,CUST-0074,SKU-0020,2025-10-22,20,280.0,ecommerce,Salesforce
ORD-002333,CUST-0074,SKU-0056,2025-10-22,6,69.0,ecommerce,Salesforce
ORD-002334,CUST-0074,SKU-0020,2026-03-11,3,42.0,rep,SAP
ORD-002335,CUST-0074,SKU-0035,2026-03-11,4,9.2,rep,SAP
ORD-002336,CUST-0075,SKU-0022,2025-11-06,1,8.0,ecommerce,Salesforce
ORD-002337,CUST-0075,SKU-0043,2025-11-06,17,57.8,rep,SAP
ORD-002338,CUST-0075,SKU-0022,2025-10-31,20,160.0,rep,SAP
ORD-002339,CUST-0075,SKU-0020,2025-12-27,8,112.0,ecommerce,Salesforce
ORD-002340,CUST-0075,SKU-0026,2025-12-27,1,6.2,ecommerce,Salesforce
ORD-002343,CUST-0075,SKU-0026,2026-03-02,17,105.4,rep,SAP
ORD-002344,CUST-0075,SKU-0043,2026-03-02,12,40.8,rep,SAP
ORD-002345,CUST-0075,SKU-0025,2026-03-02,13,45.5,ecommerce,Salesforce
ORD-002346,CUST-0075,SKU-0014,2026-04-13,14,77.0,rep,SAP
ORD-002347,CUST-0075,SKU-0023,2026-04-13,13,175.5,ecommerce,Salesforce
ORD-002348,CUST-0075,SKU-0035,2025-12-01,15,34.5,ecommerce,Salesforce
ORD-002352,CUST-0075,SKU-0025,2026-05-16,12,42.0,ecommerce,Salesforce
ORD-002353,CUST-0075,SKU-0001,2026-05-16,5,22.5,rep,SAP
ORD-002354,CUST-0075,SKU-0060,2026-05-16,12,54.0,ecommerce,Salesforce
ORD-002355,CUST-0075,SKU-0030,2026-05-16,12,27.6,ecommerce,Salesforce
ORD-002356,CUST-0075,SKU-0035,2025-09-02,14,32.2,rep,SAP
ORD-002358,CUST-0075,SKU-0032,2025-09-02,15,54.0,rep,SAP
ORD-002359,CUST-0075,SKU-0020,2025-09-02,20,280.0,ecommerce,Salesforce
ORD-002360,CUST-0075,SKU-0015,2025-09-02,5,32.5,ecommerce,Salesforce
ORD-002361,CUST-0075,SKU-0016,2026-03-08,1,12.0,rep,SAP
ORD-002363,CUST-0075,SKU-0032,2026-07-17,20,72.0,rep,SAP
ORD-002365,CUST-0075,SKU-0041,2026-07-17,11,49.5,ecommerce,Salesforce
ORD-002368,CUST-0076,SKU-0020,2026-03-02,9,126.0,ecommerce,Salesforce
ORD-002370,CUST-0076,SKU-0018,2025-11-29,13,78.0,ecommerce,Salesforce
ORD-002371,CUST-0076,SKU-0025,2025-09-17,11,38.5,rep,SAP
ORD-002372,CUST-0076,SKU-0026,2025-09-17,14,86.8,ecommerce,Salesforce
ORD-002373,CUST-0076,SKU-0035,2026-02-12,13,29.9,ecommerce,Salesforce
ORD-002374,CUST-0076,SKU-0034,2025-12-05,6,13.2,ecommerce,Salesforce
ORD-002375,CUST-0076,SKU-0007,2025-12-05,3,6.6,ecommerce,Salesforce
ORD-002376,CUST-0076,SKU-0035,2025-12-05,3,6.9,rep,SAP
ORD-002377,CUST-0076,SKU-0001,2026-07-30,16,72.0,ecommerce,Salesforce
ORD-002378,CUST-0076,SKU-0024,2026-07-30,12,42.0,ecommerce,Salesforce
ORD-002379,CUST-0076,SKU-0043,2025-10-30,3,10.2,rep,SAP
ORD-002381,CUST-0076,SKU-0040,2025-10-30,10,49.0,ecommerce,Salesforce
ORD-002382,CUST-0076,SKU-0044,2026-06-16,9,80.1,ecommerce,Salesforce
ORD-002383,CUST-0076,SKU-0044,2026-06-16,8,71.2,ecommerce,Salesforce
ORD-002386,CUST-0077,SKU-0022,2026-04-24,15,120.0,ecommerce,Salesforce
ORD-002387,CUST-0077,SKU-0002,2026-04-24,4,19.2,rep,SAP
ORD-002388,CUST-0077,SKU-0045,2025-09-13,11,71.5,ecommerce,Salesforce
ORD-002389,CUST-0077,SKU-0047,2025-09-13,18,230.4,rep,SAP
ORD-002390,CUST-0077,SKU-0058,2025-09-13,16,83.2,ecommerce,Salesforce
ORD-002392,CUST-0077,SKU-0032,2026-02-23,15,54.0,ecommerce,Salesforce
ORD-002393,CUST-0077,SKU-0019,2026-08-04,6,51.0,rep,SAP
ORD-002394,CUST-0077,SKU-0016,2026-08-04,2,24.0,rep,SAP
ORD-002395,CUST-0077,SKU-0016,2026-08-04,6,72.0,ecommerce,Salesforce
ORD-002396,CUST-0077,SKU-0057,2026-08-04,20,150.0,ecommerce,Salesforce
ORD-002397,CUST-0077,SKU-0034,2026-04-11,17,37.4,ecommerce,Salesforce
ORD-002398,CUST-0077,SKU-0037,2026-04-11,2,6.2,ecommerce,Salesforce
ORD-002399,CUST-0077,SKU-0024,2026-04-11,10,35.0,ecommerce,Salesforce
ORD-002401,CUST-0077,SKU-0034,2026-04-11,19,41.8,ecommerce,Salesforce
ORD-002402,CUST-0077,SKU-0043,2026-07-06,19,64.6,ecommerce,Salesforce
ORD-002403,CUST-0077,SKU-0027,2026-05-05,13,54.6,ecommerce,Salesforce
ORD-002404,CUST-0077,SKU-0040,2026-05-05,18,88.2,rep,SAP
ORD-002405,CUST-0077,SKU-0043,2026-06-30,2,6.8,ecommerce,Salesforce
ORD-002407,CUST-0077,SKU-0016,2026-06-30,18,216.0,ecommerce,Salesforce
ORD-002409,CUST-0077,SKU-0018,2025-12-17,6,36.0,rep,SAP
ORD-002410,CUST-0077,SKU-0059,2025-12-17,10,20.0,ecommerce,Salesforce
ORD-002411,CUST-0078,SKU-0020,2026-06-30,1,14.0,rep,SAP
ORD-002413,CUST-0078,SKU-0041,2025-12-23,20,90.0,ecommerce,Salesforce
ORD-002415,CUST-0078,SKU-0001,2025-09-23,6,27.0,ecommerce,Salesforce
ORD-002417,CUST-0078,SKU-0033,2026-06-26,4,18.0,rep,SAP
ORD-002418,CUST-0078,SKU-0022,2026-06-26,20,160.0,ecommerce,Salesforce
ORD-002420,CUST-0078,SKU-0025,2026-04-17,11,38.5,ecommerce,Salesforce
ORD-002421,CUST-0078,SKU-0027,2026-04-17,1,4.2,ecommerce,Salesforce
ORD-002424,CUST-0078,SKU-0043,2026-04-17,5,17.0,ecommerce,Salesforce
ORD-002425,CUST-0078,SKU-0059,2026-05-16,11,22.0,ecommerce,Salesforce
ORD-002426,CUST-0078,SKU-0059,2026-05-16,4,8.0,ecommerce,Salesforce
ORD-002428,CUST-0078,SKU-0005,2025-12-28,17,57.8,ecommerce,Salesforce
ORD-002429,CUST-0078,SKU-0027,2025-12-28,1,4.2,ecommerce,Salesforce
ORD-002430,CUST-0078,SKU-0059,2025-12-28,5,10.0,rep,SAP
ORD-002431,CUST-0078,SKU-0057,2025-09-27,11,82.5,ecommerce,Salesforce
ORD-002434,CUST-0078,SKU-0043,2026-05-13,10,34.0,ecommerce,Salesforce
ORD-002435,CUST-0078,SKU-0020,2026-05-13,14,196.0,ecommerce,Salesforce
ORD-002437,CUST-0078,SKU-0003,2025-08-09,16,62.4,rep,SAP
ORD-002438,CUST-0078,SKU-0020,2025-09-30,11,154.0,ecommerce,Salesforce
ORD-002439,CUST-0078,SKU-0047,2025-09-30,1,12.8,ecommerce,Salesforce
ORD-002441,CUST-0078,SKU-0019,2026-05-29,14,119.0,ecommerce,Salesforce
ORD-002442,CUST-0078,SKU-0017,2026-05-29,5,90.0,ecommerce,Salesforce
ORD-002443,CUST-0079,SKU-0047,2026-01-01,14,179.2,ecommerce,Salesforce
ORD-002444,CUST-0079,SKU-0041,2026-01-01,19,85.5,ecommerce,Salesforce
ORD-002445,CUST-0079,SKU-0020,2026-01-01,8,112.0,ecommerce,Salesforce
ORD-002446,CUST-0079,SKU-0044,2025-12-12,13,115.7,ecommerce,Salesforce
ORD-002447,CUST-0079,SKU-0020,2025-10-03,1,14.0,ecommerce,Salesforce
ORD-002448,CUST-0079,SKU-0020,2025-10-03,12,168.0,ecommerce,Salesforce
ORD-002449,CUST-0079,SKU-0018,2025-10-03,7,42.0,rep,SAP
ORD-002450,CUST-0079,SKU-0022,2025-10-03,16,128.0,ecommerce,Salesforce
ORD-002451,CUST-0079,SKU-0041,2025-10-03,15,67.5,ecommerce,Salesforce
ORD-002452,CUST-0079,SKU-0037,2025-09-06,4,12.4,rep,SAP
ORD-002453,CUST-0079,SKU-0024,2025-09-06,16,56.0,rep,SAP
ORD-002454,CUST-0079,SKU-0017,2025-09-06,8,144.0,ecommerce,Salesforce
ORD-002455,CUST-0079,SKU-0033,2025-09-06,9,40.5,ecommerce,Salesforce
ORD-002457,CUST-0079,SKU-0020,2026-05-16,9,126.0,rep,SAP
ORD-002458,CUST-0079,SKU-0057,2026-05-16,17,127.5,rep,SAP
ORD-002459,CUST-0079,SKU-0002,2026-05-16,10,48.0,ecommerce,Salesforce
ORD-002460,CUST-0079,SKU-0060,2026-05-16,18,81.0,rep,SAP
ORD-002462,CUST-0079,SKU-0021,2025-08-08,18,129.6,ecommerce,Salesforce
ORD-002463,CUST-0079,SKU-0020,2025-08-08,10,140.0,rep,SAP
ORD-002464,CUST-0079,SKU-0044,2026-07-29,19,169.1,ecommerce,Salesforce
ORD-002465,CUST-0079,SKU-0022,2026-07-29,11,88.0,ecommerce,Salesforce
ORD-002466,CUST-0079,SKU-0060,2026-07-29,11,49.5,ecommerce,Salesforce
ORD-002468,CUST-0079,SKU-0001,2025-11-19,18,81.0,ecommerce,Salesforce
ORD-002469,CUST-0079,SKU-0014,2025-11-19,12,66.0,ecommerce,Salesforce
ORD-002470,CUST-0079,SKU-0027,2025-11-19,4,16.8,rep,SAP
ORD-002472,CUST-0079,SKU-0057,2026-06-16,20,150.0,ecommerce,Salesforce
ORD-002473,CUST-0079,SKU-0040,2025-12-08,6,29.4,ecommerce,Salesforce
ORD-002474,CUST-0080,SKU-0057,2026-04-14,11,82.5,ecommerce,Salesforce
ORD-002476,CUST-0080,SKU-0047,2026-03-26,4,51.2,rep,SAP
ORD-002477,CUST-0080,SKU-0021,2026-03-26,6,43.2,ecommerce,Salesforce
ORD-002478,CUST-0080,SKU-0022,2026-03-26,5,40.0,ecommerce,Salesforce
ORD-002479,CUST-0080,SKU-0019,2026-03-26,4,34.0,rep,SAP
ORD-002480,CUST-0080,SKU-0057,2026-03-26,14,105.0,ecommerce,Salesforce
ORD-002481,CUST-0080,SKU-0034,2025-10-27,2,4.4,ecommerce,Salesforce
ORD-002482,CUST-0080,SKU-0007,2025-10-27,3,6.6,rep,SAP
ORD-002483,CUST-0080,SKU-0041,2025-10-27,8,36.0,ecommerce,Salesforce
ORD-002484,CUST-0080,SKU-0046,2025-10-27,18,207.0,rep,SAP
ORD-002487,CUST-0080,SKU-0017,2026-06-05,20,360.0,ecommerce,Salesforce
ORD-002488,CUST-0080,SKU-0002,2026-06-05,7,33.6,ecommerce,Salesforce
ORD-002489,CUST-0080,SKU-0059,2026-06-05,19,38.0,ecommerce,Salesforce
ORD-002490,CUST-0080,SKU-0035,2025-09-03,4,9.2,ecommerce,Salesforce
ORD-002492,CUST-0080,SKU-0033,2025-10-10,20,90.0,ecommerce,Salesforce
ORD-002493,CUST-0080,SKU-0003,2025-10-10,17,66.3,ecommerce,Salesforce
ORD-002495,CUST-0080,SKU-0020,2026-01-24,17,238.0,ecommerce,Salesforce
ORD-002496,CUST-0080,SKU-0047,2026-01-24,11,140.8,ecommerce,Salesforce
ORD-002497,CUST-0080,SKU-0022,2026-01-24,1,8.0,ecommerce,Salesforce
ORD-002498,CUST-0080,SKU-0059,2026-01-24,1,2.0,ecommerce,Salesforce
ORD-002500,CUST-0080,SKU-0059,2026-06-29,20,40.0,ecommerce,Salesforce
ORD-002501,CUST-0080,SKU-0025,2026-06-29,17,59.5,ecommerce,Salesforce
ORD-002502,CUST-0080,SKU-0043,2026-06-29,5,17.0,ecommerce,Salesforce
